family,q,threshold,N,n_R,changed,conditional_risk,p_value,CP_upper_0_999,accepted,coverage,marginal_change,source_identity,source_path,comparison_repeat,name,B,repeat,subset_file,M
D,0.05,0.06544978618624626,1366,79,0,0.0,0.017384604615803836,0.08372609881132642,False,0.057833089311859445,0.0,reused_parent_test,$DATA_DIR/P2_RISK_CALIBRATION_BINARY_20260914T043954Z/summary/calibration_100.csv,1,,,,,
D,0.1,0.07011126782477158,1366,132,0,0.0,0.0011468745040508369,0.05098576395752707,False,0.09663250366032211,0.0,reused_parent_test,$DATA_DIR/P2_RISK_CALIBRATION_BINARY_20260914T043954Z/summary/calibration_100.csv,1,,,,,
D,0.15,0.07361258920795709,1366,188,1,0.005319148936170213,0.0007067316463860652,0.0480526838204854,True,0.1376281112737921,0.0007320644216691069,reused_parent_test,$DATA_DIR/P2_RISK_CALIBRATION_BINARY_20260914T043954Z/summary/calibration_100.csv,1,,,,,
D,0.2,0.07703257617313741,1366,249,2,0.008032128514056224,0.0002828699440593419,0.04426886490975078,True,0.1822840409956076,0.0014641288433382138,reused_parent_test,$DATA_DIR/P2_RISK_CALIBRATION_BINARY_20260914T043954Z/summary/calibration_100.csv,1,,,,,
D,0.25,0.08051686084384338,1366,325,4,0.012307692307692308,0.0002585875876890614,0.04477067949153525,True,0.23792093704245973,0.0029282576866764276,reused_parent_test,$DATA_DIR/P2_RISK_CALIBRATION_BINARY_20260914T043954Z/summary/calibration_100.csv,1,,,,,
D,0.3,0.08307916184658852,1366,380,6,0.015789473684210527,0.00040960882929912964,0.046781425415328697,True,0.2781844802342606,0.004392386530014641,reused_parent_test,$DATA_DIR/P2_RISK_CALIBRATION_BINARY_20260914T043954Z/summary/calibration_100.csv,1,,,,,
D,0.35,0.08614836532551183,1366,454,11,0.024229074889867842,0.0044192974862344615,0.055462897713094816,False,0.3323572474377745,0.008052708638360176,reused_parent_test,$DATA_DIR/P2_RISK_CALIBRATION_BINARY_20260914T043954Z/summary/calibration_100.csv,1,,,,,
D,0.4,0.08877346652614314,1366,527,13,0.024667931688804556,0.0026411339337506366,0.053189507093452104,False,0.3857979502196193,0.00951683748169839,reused_parent_test,$DATA_DIR/P2_RISK_CALIBRATION_BINARY_20260914T043954Z/summary/calibration_100.csv,1,,,,,
D,0.45,0.09124921560598001,1366,581,15,0.025817555938037865,0.0026457381276919862,0.05302617492356853,False,0.4253294289897511,0.010980966325036604,reused_parent_test,$DATA_DIR/P2_RISK_CALIBRATION_BINARY_20260914T043954Z/summary/calibration_100.csv,1,,,,,
D,0.5,0.09428394401285886,1366,643,18,0.027993779160186624,0.004086038237162701,0.05423876365746787,False,0.4707174231332357,0.013177159590043924,reused_parent_test,$DATA_DIR/P2_RISK_CALIBRATION_BINARY_20260914T043954Z/summary/calibration_100.csv,1,,,,,
D,0.55,0.09748868540822955,1366,709,24,0.03385049365303244,0.024662228496444796,0.060282411238447915,False,0.5190336749633968,0.017569546120058566,reused_parent_test,$DATA_DIR/P2_RISK_CALIBRATION_BINARY_20260914T043954Z/summary/calibration_100.csv,1,,,,,
D,0.6,0.10060263240834924,1366,779,30,0.038510911424903725,0.07841479228101093,0.0646875440345514,False,0.5702781844802343,0.021961932650073207,reused_parent_test,$DATA_DIR/P2_RISK_CALIBRATION_BINARY_20260914T043954Z/summary/calibration_100.csv,1,,,,,
D,0.65,0.10404623601403046,1366,849,39,0.045936395759717315,0.3278776834738853,0.07250518032452906,False,0.6215226939970717,0.02855051244509517,reused_parent_test,$DATA_DIR/P2_RISK_CALIBRATION_BINARY_20260914T043954Z/summary/calibration_100.csv,1,,,,,
D,0.7,0.10772473703441966,1366,920,43,0.04673913043478261,0.3599800283446081,0.07225863017772491,False,0.6734992679355783,0.0314787701317716,reused_parent_test,$DATA_DIR/P2_RISK_CALIBRATION_BINARY_20260914T043954Z/summary/calibration_100.csv,1,,,,,
D,0.75,0.11108057622555029,1366,990,51,0.051515151515151514,0.6223228692571645,0.07690278722937806,False,0.7247437774524158,0.03733528550512445,reused_parent_test,$DATA_DIR/P2_RISK_CALIBRATION_BINARY_20260914T043954Z/summary/calibration_100.csv,1,,,,,
D,0.8,0.11470266135181671,1366,1063,69,0.06491063029162747,0.9868482046269593,0.09156686510618971,False,0.7781844802342606,0.050512445095168376,reused_parent_test,$DATA_DIR/P2_RISK_CALIBRATION_BINARY_20260914T043954Z/summary/calibration_100.csv,1,,,,,
D,0.85,0.11984897005427914,1366,1142,86,0.07530647985989491,0.9999084999236215,0.10243251549220185,False,0.83601756954612,0.0629575402635432,reused_parent_test,$DATA_DIR/P2_RISK_CALIBRATION_BINARY_20260914T043954Z/summary/calibration_100.csv,1,,,,,
D,0.9,0.12519989957761207,1366,1220,102,0.08360655737704918,0.9999997241918529,0.11084104131573609,False,0.8931185944363104,0.0746705710102489,reused_parent_test,$DATA_DIR/P2_RISK_CALIBRATION_BINARY_20260914T043954Z/summary/calibration_100.csv,1,,,,,
D,0.95,0.13437740872606294,1366,1282,114,0.08892355694227769,0.9999999977157504,0.11606746500266031,False,0.9385065885797951,0.08345534407027819,reused_parent_test,$DATA_DIR/P2_RISK_CALIBRATION_BINARY_20260914T043954Z/summary/calibration_100.csv,1,,,,,
D,1.0,Infinity,1366,1366,143,0.10468521229868229,0.9999999999999999,0.1326098138082249,False,1.0,0.10468521229868229,reused_parent_test,$DATA_DIR/P2_RISK_CALIBRATION_BINARY_20260914T043954Z/summary/calibration_100.csv,1,,,,,
R2100,0.05,0.11714229392379705,1366,64,0,0.0,0.03752413921111614,0.10231286755268579,False,0.04685212298682284,0.0,reused_parent_test,$DATA_DIR/P2_RISK_CALIBRATION_BINARY_20260914T043954Z/summary/calibration_100.csv,1,,,,,
R2100,0.1,0.12736104171705365,1366,129,0,0.0,0.0013376579723584634,0.052140022347761564,False,0.09443631039531479,0.0,reused_parent_test,$DATA_DIR/P2_RISK_CALIBRATION_BINARY_20260914T043954Z/summary/calibration_100.csv,1,,,,,
R2100,0.15,0.13448889633827654,1366,187,2,0.0106951871657754,0.004029846702331185,0.05858620412451017,False,0.13689604685212298,0.0014641288433382138,reused_parent_test,$DATA_DIR/P2_RISK_CALIBRATION_BINARY_20260914T043954Z/summary/calibration_100.csv,1,,,,,
R2100,0.2,0.14059583531561914,1366,242,3,0.012396694214876033,0.0017670016801383868,0.05286626076659349,False,0.17715959004392387,0.0021961932650073207,reused_parent_test,$DATA_DIR/P2_RISK_CALIBRATION_BINARY_20260914T043954Z/summary/calibration_100.csv,1,,,,,
R2100,0.25,0.14677750415404223,1366,311,4,0.012861736334405145,0.0004495578314934306,0.04675110884762529,True,0.22767203513909223,0.0029282576866764276,reused_parent_test,$DATA_DIR/P2_RISK_CALIBRATION_BINARY_20260914T043954Z/summary/calibration_100.csv,1,,,,,
R2100,0.3,0.15367244904923216,1366,387,6,0.015503875968992248,0.0003172420151450698,0.045948466853728824,True,0.28330893118594436,0.004392386530014641,reused_parent_test,$DATA_DIR/P2_RISK_CALIBRATION_BINARY_20260914T043954Z/summary/calibration_100.csv,1,,,,,
R2100,0.35,0.1590408411246479,1366,449,8,0.017817371937639197,0.0003337836241248031,0.046431972918144854,True,0.328696925329429,0.005856515373352855,reused_parent_test,$DATA_DIR/P2_RISK_CALIBRATION_BINARY_20260914T043954Z/summary/calibration_100.csv,1,,,,,
R2100,0.4,0.16532099602212336,1366,523,11,0.021032504780114723,0.000563729079806503,0.04824838475266088,True,0.3828696925329429,0.008052708638360176,reused_parent_test,$DATA_DIR/P2_RISK_CALIBRATION_BINARY_20260914T043954Z/summary/calibration_100.csv,1,,,,,
R2100,0.45,0.1709493339600331,1366,584,15,0.025684931506849314,0.002442340882162373,0.052757598361142355,False,0.42752562225475843,0.010980966325036604,reused_parent_test,$DATA_DIR/P2_RISK_CALIBRATION_BINARY_20260914T043954Z/summary/calibration_100.csv,1,,,,,
R2100,0.5,0.17649812580475832,1366,653,20,0.030627871362940276,0.010553461187023053,0.05745373539947955,False,0.4780380673499268,0.014641288433382138,reused_parent_test,$DATA_DIR/P2_RISK_CALIBRATION_BINARY_20260914T043954Z/summary/calibration_100.csv,1,,,,,
R2100,0.55,0.18327371995228192,1366,715,27,0.03776223776223776,0.07409976823523949,0.06512203871530453,False,0.5234260614934114,0.019765739385065886,reused_parent_test,$DATA_DIR/P2_RISK_CALIBRATION_BINARY_20260914T043954Z/summary/calibration_100.csv,1,,,,,
R2100,0.6,0.19074781808510477,1366,782,30,0.03836317135549872,0.07501249728540947,0.06444277612286249,False,0.5724743777452416,0.021961932650073207,reused_parent_test,$DATA_DIR/P2_RISK_CALIBRATION_BINARY_20260914T043954Z/summary/calibration_100.csv,1,,,,,
R2100,0.65,0.1976087190417628,1366,852,37,0.04342723004694836,0.2137583539198015,0.06938685983930276,False,0.623718887262079,0.027086383601756955,reused_parent_test,$DATA_DIR/P2_RISK_CALIBRATION_BINARY_20260914T043954Z/summary/calibration_100.csv,1,,,,,
R2100,0.7,0.20524083299824047,1366,927,47,0.05070118662351672,0.577379172853331,0.07690871076794667,False,0.678623718887262,0.034407027818448024,reused_parent_test,$DATA_DIR/P2_RISK_CALIBRATION_BINARY_20260914T043954Z/summary/calibration_100.csv,1,,,,,
R2100,0.75,0.21248436173756335,1366,988,56,0.05668016194331984,0.8498076407838421,0.08304862977780407,False,0.7232796486090776,0.040995607613469986,reused_parent_test,$DATA_DIR/P2_RISK_CALIBRATION_BINARY_20260914T043954Z/summary/calibration_100.csv,1,,,,,
R2100,0.8,0.22006179553703664,1366,1068,70,0.06554307116104868,0.9896506928819316,0.09222896451227115,False,0.7818448023426061,0.05124450951683748,reused_parent_test,$DATA_DIR/P2_RISK_CALIBRATION_BINARY_20260914T043954Z/summary/calibration_100.csv,1,,,,,
R2100,0.85,0.23149812757749977,1366,1150,85,0.07391304347826087,0.9998170206321878,0.10073871207454926,False,0.8418740849194729,0.06222547584187409,reused_parent_test,$DATA_DIR/P2_RISK_CALIBRATION_BINARY_20260914T043954Z/summary/calibration_100.csv,1,,,,,
R2100,0.9,0.24333991959058865,1366,1223,98,0.08013082583810302,0.9999971570283246,0.1068835275321812,False,0.8953147877013177,0.07174231332357248,reused_parent_test,$DATA_DIR/P2_RISK_CALIBRATION_BINARY_20260914T043954Z/summary/calibration_100.csv,1,,,,,
R2100,0.95,0.261719957483052,1366,1285,114,0.088715953307393,0.9999999973975987,0.11580055464655552,False,0.9407027818448024,0.08345534407027819,reused_parent_test,$DATA_DIR/P2_RISK_CALIBRATION_BINARY_20260914T043954Z/summary/calibration_100.csv,1,,,,,
R2100,1.0,Infinity,1366,1366,143,0.10468521229868229,0.9999999999999999,0.1326098138082249,False,1.0,0.10468521229868229,reused_parent_test,$DATA_DIR/P2_RISK_CALIBRATION_BINARY_20260914T043954Z/summary/calibration_100.csv,1,,,,,
R32_r1,0.05,0.18327967566650238,1366,64,0,0.0,0.03752413921111614,0.10231286755268579,False,0.04685212298682284,0.0,new_test,,1,R32_r1,32,1,subsets/R32_r1.json,100
R32_r1,0.1,0.1843611617836175,1366,127,0,0.0,0.00148216949845813,0.05293899992277619,False,0.09297218155197658,0.0,new_test,,1,R32_r1,32,1,subsets/R32_r1.json,100
R32_r1,0.15,0.18507798841448342,1366,202,1,0.0049504950495049506,0.0003679653639470792,0.04478990431539958,True,0.1478770131771596,0.0007320644216691069,new_test,,1,R32_r1,32,1,subsets/R32_r1.json,100
R32_r1,0.2,0.18561679168175937,1366,270,4,0.014814814814814815,0.002175890251142391,0.05370859016369776,False,0.19765739385065886,0.0029282576866764276,new_test,,1,R32_r1,32,1,subsets/R32_r1.json,100
R32_r1,0.25,0.18601608900520983,1366,321,6,0.018691588785046728,0.0032666866845510525,0.05521818328022087,False,0.2349926793557833,0.004392386530014641,new_test,,1,R32_r1,32,1,subsets/R32_r1.json,100
R32_r1,0.3,0.18642026857013216,1366,392,8,0.02040816326530612,0.0022214594555504145,0.05306994289570946,False,0.2869692532942899,0.005856515373352855,new_test,,1,R32_r1,32,1,subsets/R32_r1.json,100
R32_r1,0.35,0.18682379459595788,1366,467,10,0.021413276231263382,0.0013044519647091779,0.05090057522893688,False,0.3418740849194729,0.007320644216691069,new_test,,1,R32_r1,32,1,subsets/R32_r1.json,100
R32_r1,0.4,0.18715761910936146,1366,535,14,0.026168224299065422,0.004411342531772548,0.05497360223399834,False,0.3916544655929722,0.010248901903367497,new_test,,1,R32_r1,32,1,subsets/R32_r1.json,100
R32_r1,0.45,0.187492388999296,1366,594,17,0.02861952861952862,0.007171697816066018,0.05641017755145415,False,0.43484626647144947,0.012445095168374817,new_test,,1,R32_r1,32,1,subsets/R32_r1.json,100
R32_r1,0.5,0.18782494993927423,1366,655,21,0.03206106870229008,0.017130932289400783,0.059272278170463474,False,0.479502196193265,0.015373352855051245,new_test,,1,R32_r1,32,1,subsets/R32_r1.json,100
R32_r1,0.55,0.18807497698796938,1366,713,28,0.03927068723702665,0.10669649807320918,0.06707048518029356,False,0.5219619326500732,0.020497803806734993,new_test,,1,R32_r1,32,1,subsets/R32_r1.json,100
R32_r1,0.6,0.18833029446569327,1366,786,42,0.05343511450381679,0.7059045492732652,0.08285001192312298,False,0.575402635431918,0.03074670571010249,new_test,,1,R32_r1,32,1,subsets/R32_r1.json,100
R32_r1,0.65,0.18859839425807223,1366,837,49,0.05854241338112306,0.8856649015969886,0.0878990047659334,False,0.6127379209370425,0.03587115666178624,new_test,,1,R32_r1,32,1,subsets/R32_r1.json,100
R32_r1,0.7,0.18891704010128174,1366,914,59,0.06455142231947483,0.9786770274602922,0.09352335761115671,False,0.6691068814055637,0.04319180087847731,new_test,,1,R32_r1,32,1,subsets/R32_r1.json,100
R32_r1,0.75,0.18927013078318478,1366,998,65,0.06513026052104208,0.9856378130276249,0.09278868382365027,False,0.7306002928257687,0.04758418740849195,new_test,,1,R32_r1,32,1,subsets/R32_r1.json,100
R32_r1,0.8,0.189590975531859,1366,1070,78,0.07289719626168224,0.9995307918253359,0.10067448939719023,False,0.7833089311859444,0.05710102489019034,new_test,,1,R32_r1,32,1,subsets/R32_r1.json,100
R32_r1,0.85,0.1899762469908498,1366,1157,89,0.07692307692307693,0.9999662713186694,0.10407596799088693,False,0.8469985358711567,0.06515373352855051,new_test,,1,R32_r1,32,1,subsets/R32_r1.json,100
R32_r1,0.9,0.1904621445329413,1366,1214,101,0.08319604612850082,0.9999996090355033,0.11045256045618768,False,0.8887262079062958,0.0739385065885798,new_test,,1,R32_r1,32,1,subsets/R32_r1.json,100
R32_r1,0.95,0.19108102976674846,1366,1269,116,0.09141055949566587,0.9999999996569484,0.11899942993544237,False,0.9289897510980967,0.0849194729136164,new_test,,1,R32_r1,32,1,subsets/R32_r1.json,100
R32_r1,1.0,Infinity,1366,1366,143,0.10468521229868229,0.9999999999999999,0.1326098138082249,False,1.0,0.10468521229868229,new_test,,1,R32_r1,32,1,subsets/R32_r1.json,100
R128_r1,0.05,0.23509544406108185,1366,65,0,0.0,0.03564793225056034,0.10082100353398794,False,0.04758418740849195,0.0,new_test,,1,R128_r1,128,1,subsets/R128_r1.json,100
R128_r1,0.1,0.2388941351264705,1366,128,1,0.0078125,0.010893945813667191,0.0698609612488243,False,0.09370424597364568,0.0007320644216691069,new_test,,1,R128_r1,128,1,subsets/R128_r1.json,100
R128_r1,0.15,0.24127497382910923,1366,211,2,0.009478672985781991,0.0014649705917229058,0.05206785754581187,False,0.15446559297218154,0.0014641288433382138,new_test,,1,R128_r1,128,1,subsets/R128_r1.json,100
R128_r1,0.2,0.24269222376956068,1366,265,4,0.01509433962264151,0.0026243307282092154,0.05470131874061705,False,0.19399707174231332,0.0029282576866764276,new_test,,1,R128_r1,128,1,subsets/R128_r1.json,100
R128_r1,0.25,0.24398342148578922,1366,322,7,0.021739130434782608,0.008167011548769431,0.05976527130899908,False,0.23572474377745242,0.005124450951683748,new_test,,1,R128_r1,128,1,subsets/R128_r1.json,100
R128_r1,0.3,0.24546391280804103,1366,375,9,0.024,0.008842599737869692,0.05932645948127796,False,0.2745241581259151,0.006588579795021962,new_test,,1,R128_r1,128,1,subsets/R128_r1.json,100
R128_r1,0.35,0.24658971279023512,1366,442,10,0.02262443438914027,0.0027912429549349607,0.053733306956028216,False,0.3235724743777452,0.007320644216691069,new_test,,1,R128_r1,128,1,subsets/R128_r1.json,100
R128_r1,0.4,0.24776498208398012,1366,522,14,0.02681992337164751,0.0061939470222104965,0.056321729856576346,False,0.3821376281112738,0.010248901903367497,new_test,,1,R128_r1,128,1,subsets/R128_r1.json,100
R128_r1,0.45,0.24883048834182364,1366,579,16,0.027633851468048358,0.005502331141675198,0.055538240991723185,False,0.4238653001464129,0.01171303074670571,new_test,,1,R128_r1,128,1,subsets/R128_r1.json,100
R128_r1,0.5,0.24993051420275192,1366,651,20,0.030721966205837174,0.011027814319833793,0.05762777326429491,False,0.4765739385065886,0.014641288433382138,new_test,,1,R128_r1,128,1,subsets/R128_r1.json,100
R128_r1,0.55,0.250973990335875,1366,715,29,0.04055944055944056,0.14057713408797767,0.06864185876864143,False,0.5234260614934114,0.0212298682284041,new_test,,1,R128_r1,128,1,subsets/R128_r1.json,100
R128_r1,0.6,0.2521589181537125,1366,791,34,0.04298356510745891,0.2071744985409844,0.07000119297157929,False,0.5790629575402635,0.024890190336749635,new_test,,1,R128_r1,128,1,subsets/R128_r1.json,100
R128_r1,0.65,0.25324687716229033,1366,841,37,0.04399524375743163,0.23932514645741926,0.07028183440432043,False,0.6156661786237189,0.027086383601756955,new_test,,1,R128_r1,128,1,subsets/R128_r1.json,100
R128_r1,0.7,0.25447432894472655,1366,923,49,0.05308775731310943,0.6994164809967212,0.07982593902299535,False,0.6756954612005857,0.03587115666178624,new_test,,1,R128_r1,128,1,subsets/R128_r1.json,100
R128_r1,0.75,0.2556770973230651,1366,995,58,0.05829145728643216,0.8963490447628772,0.08483886056090503,False,0.7284040995607614,0.0424597364568082,new_test,,1,R128_r1,128,1,subsets/R128_r1.json,100
R128_r1,0.8,0.25700385050758234,1366,1073,73,0.06803355079217148,0.9960809584157092,0.09503660987624692,False,0.7855051244509517,0.053440702781844804,new_test,,1,R128_r1,128,1,subsets/R128_r1.json,100
R128_r1,0.85,0.258516073044313,1366,1148,84,0.07317073170731707,0.9997285996450265,0.09991731096193751,False,0.8404099560761347,0.06149341142020498,new_test,,1,R128_r1,128,1,subsets/R128_r1.json,100
R128_r1,0.9,0.260228648592433,1366,1212,100,0.08250825082508251,0.9999993590345487,0.10970184965854177,False,0.8872620790629575,0.07320644216691069,new_test,,1,R128_r1,128,1,subsets/R128_r1.json,100
R128_r1,0.95,0.26284499070940015,1366,1283,117,0.09119251753702261,0.9999999996647808,0.11859089221861915,False,0.9392386530014641,0.08565153733528551,new_test,,1,R128_r1,128,1,subsets/R128_r1.json,100
R128_r1,1.0,Infinity,1366,1366,143,0.10468521229868229,0.9999999999999999,0.1326098138082249,False,1.0,0.10468521229868229,new_test,,1,R128_r1,128,1,subsets/R128_r1.json,100
R512_r1,0.05,0.174426913952478,1366,78,0,0.0,0.018299583806109295,0.084752689122611,False,0.05710102489019034,0.0,new_test,,1,R512_r1,512,1,subsets/R512_r1.json,100
R512_r1,0.1,0.17886479621291018,1366,125,0,0.0,0.0016422930730838007,0.05376283863420697,False,0.09150805270863836,0.0,new_test,,1,R512_r1,512,1,subsets/R512_r1.json,100
R512_r1,0.15,0.18248558311217333,1366,185,0,0.0,7.56601117546345e-05,0.036650705238278056,True,0.13543191800878476,0.0,new_test,,1,R512_r1,512,1,subsets/R512_r1.json,100
R512_r1,0.2,0.1858263395563784,1366,241,2,0.008298755186721992,0.0004013919205241299,0.04571031303761999,True,0.17642752562225475,0.0014641288433382138,new_test,,1,R512_r1,512,1,subsets/R512_r1.json,100
R512_r1,0.25,0.1891040387389057,1366,316,5,0.015822784810126583,0.0013075585117333878,0.051136034047852816,False,0.23133235724743778,0.0036603221083455345,new_test,,1,R512_r1,512,1,subsets/R512_r1.json,100
R512_r1,0.3,0.19207223975415355,1366,388,8,0.020618556701030927,0.0025246398740154763,0.05360774195734543,False,0.2840409956076135,0.005856515373352855,new_test,,1,R512_r1,512,1,subsets/R512_r1.json,100
R512_r1,0.35,0.1945476674935387,1366,454,10,0.022026431718061675,0.0019437985964387843,0.052335277132392756,False,0.3323572474377745,0.007320644216691069,new_test,,1,R512_r1,512,1,subsets/R512_r1.json,100
R512_r1,0.4,0.19759249256954425,1366,534,15,0.028089887640449437,0.008829926151036938,0.05762174869498485,False,0.39092240117130306,0.010980966325036604,new_test,,1,R512_r1,512,1,subsets/R512_r1.json,100
R512_r1,0.45,0.20013126391079983,1366,592,17,0.028716216216216218,0.00752362911454913,0.05659799226168948,False,0.4333821376281113,0.012445095168374817,new_test,,1,R512_r1,512,1,subsets/R512_r1.json,100
R512_r1,0.5,0.20317541620710133,1366,663,22,0.033182503770739065,0.023778688301127355,0.060523312012364765,False,0.48535871156661786,0.016105417276720352,new_test,,1,R512_r1,512,1,subsets/R512_r1.json,100
R512_r1,0.55,0.2058376290244519,1366,715,26,0.03636363636363636,0.05122124698103066,0.06335077524419909,False,0.5234260614934114,0.01903367496339678,new_test,,1,R512_r1,512,1,subsets/R512_r1.json,100
R512_r1,0.6,0.20857472185521897,1366,782,31,0.03964194373401535,0.10327539578954206,0.06603930855556371,False,0.5724743777452416,0.022693997071742314,new_test,,1,R512_r1,512,1,subsets/R512_r1.json,100
R512_r1,0.65,0.21155739219974523,1366,846,35,0.041371158392434985,0.1406398390157669,0.06696907645792574,False,0.6193265007320644,0.02562225475841874,new_test,,1,R512_r1,512,1,subsets/R512_r1.json,100
R512_r1,0.7,0.21504896442740395,1366,919,45,0.04896626768226333,0.48189063158746237,0.0749582933211289,False,0.6727672035139092,0.03294289897510981,new_test,,1,R512_r1,512,1,subsets/R512_r1.json,100
R512_r1,0.75,0.21782170377011378,1366,983,56,0.056968463886063074,0.8583962460613178,0.08346506813616987,False,0.719619326500732,0.040995607613469986,new_test,,1,R512_r1,512,1,subsets/R512_r1.json,100
R512_r1,0.8,0.22084091494723357,1366,1055,67,0.06350710900473934,0.9783758813698844,0.09005156340608947,False,0.7723279648609077,0.04904831625183016,new_test,,1,R512_r1,512,1,subsets/R512_r1.json,100
R512_r1,0.85,0.22544073584001223,1366,1138,83,0.07293497363796134,0.9996775806766104,0.09977858276665677,False,0.8330893118594437,0.06076134699853587,new_test,,1,R512_r1,512,1,subsets/R512_r1.json,100
R512_r1,0.9,0.22999723700432295,1366,1209,98,0.08105872622001654,0.9999982531777698,0.1081028459914511,False,0.8850658857979502,0.07174231332357248,new_test,,1,R512_r1,512,1,subsets/R512_r1.json,100
R512_r1,0.95,0.2379215633490266,1366,1292,119,0.09210526315789473,0.9999999998674122,0.11950442426049247,False,0.9458272327964861,0.08711566617862372,new_test,,1,R512_r1,512,1,subsets/R512_r1.json,100
R512_r1,1.0,Infinity,1366,1366,143,0.10468521229868229,0.9999999999999999,0.1326098138082249,False,1.0,0.10468521229868229,new_test,,1,R512_r1,512,1,subsets/R512_r1.json,100
