split,family,q,threshold,cal_accepted,final_deployment,N,n_R,coverage,changed,conditional_risk,marginal_change,benefit,harm,neutral_change,correct,accuracy,accuracy_diff_Text,INVALID_selected,routed_both_INVALID,routed_R_only_INVALID,routed_Text_only_INVALID,routed_both_valid,risk_CP95_descriptive_low,risk_CP95_descriptive_high,mean_cost_ms,median_cost_ms,p95_cost_ms,net_saving_vs_Text_ms,net_saving_vs_Text_fraction,U,random_expected_changes,random_hypergeom95_low,random_hypergeom95_high
fit,D,0.05,0.06544978618624626,False,False,2100,105,0.05,0,0.0,0.0,0,0,0,1800,0.8571428571428571,0.0,1,0,0,0,105,0.0,0.03452221412650563,,,,,,,,,
fit,D,0.1,0.07011126782477158,False,False,2100,210,0.1,0,0.0,0.0,0,0,0,1800,0.8571428571428571,0.0,1,0,0,0,210,0.0,0.017412708267863678,,,,,,,,,
fit,D,0.15,0.07361258920795709,True,False,2100,315,0.15,0,0.0,0.0,0,0,0,1800,0.8571428571428571,0.0,1,0,0,0,315,0.0,0.011642424734286007,,,,,,,,,
fit,D,0.2,0.07703257617313741,True,False,2100,420,0.2,0,0.0,0.0,0,0,0,1800,0.8571428571428571,0.0,1,0,0,0,420,0.0,0.008744588043961133,,,,,,,,,
fit,D,0.25,0.08051686084384338,True,False,2100,525,0.25,0,0.0,0.0,0,0,0,1800,0.8571428571428571,0.0,1,0,0,0,525,0.0,0.007001809362012784,,,,,,,,,
fit,D,0.3,0.08307916184658852,True,True,2100,630,0.3,5,0.007936507936507936,0.002380952380952381,1,4,0,1797,0.8557142857142858,-0.0014285714285714286,1,0,0,0,630,0.0025818390453574863,0.01842331233591296,,,,,,,,,
fit,D,0.35,0.08614836532551183,False,False,2100,735,0.35,9,0.012244897959183673,0.004285714285714286,2,7,0,1795,0.8547619047619047,-0.002380952380952381,1,0,0,0,735,0.00561401710799765,0.02311689686879193,,,,,,,,,
fit,D,0.4,0.08877346652614314,False,False,2100,840,0.4,13,0.015476190476190477,0.006190476190476191,2,10,1,1792,0.8533333333333334,-0.0038095238095238095,2,0,1,0,839,0.008265479577196071,0.02631936098094925,,,,,,,,,
fit,D,0.45,0.09124921560598001,False,False,2100,945,0.45,22,0.02328042328042328,0.010476190476190476,6,14,2,1792,0.8533333333333334,-0.0038095238095238095,2,0,1,0,944,0.014645880839121822,0.03503563043850948,,,,,,,,,
fit,D,0.5,0.09428394401285886,False,False,2100,1050,0.5,24,0.022857142857142857,0.011428571428571429,6,16,2,1790,0.8523809523809524,-0.004761904761904762,2,0,1,0,1049,0.014698612899942978,0.03381964771899215,,,,,,,,,
fit,D,0.55,0.09748868540822955,False,False,2100,1155,0.55,28,0.024242424242424242,0.013333333333333334,7,18,3,1789,0.8519047619047619,-0.005238095238095238,1,0,1,1,1153,0.01616796991242165,0.03484753489539396,,,,,,,,,
fit,D,0.6,0.10060263240834924,False,False,2100,1260,0.6,38,0.03015873015873016,0.018095238095238095,14,21,3,1793,0.8538095238095238,-0.0033333333333333335,1,0,1,1,1258,0.021428639126013893,0.04116182954018059,,,,,,,,,
fit,D,0.65,0.10404623601403046,False,False,2100,1365,0.65,50,0.03663003663003663,0.023809523809523808,16,29,5,1787,0.8509523809523809,-0.006190476190476191,1,0,1,1,1363,0.027307413863931165,0.04800913647994852,,,,,,,,,
fit,D,0.7,0.10772473703441966,False,False,2100,1470,0.7,63,0.04285714285714286,0.03,19,38,6,1781,0.8480952380952381,-0.009047619047619047,1,0,1,1,1468,0.033087025508790203,0.05450244476195981,,,,,,,,,
fit,D,0.75,0.11108057622555029,False,False,2100,1575,0.75,77,0.04888888888888889,0.03666666666666667,22,46,9,1776,0.8457142857142858,-0.011428571428571429,1,0,1,1,1573,0.03877195020440747,0.06072661062311755,,,,,,,,,
fit,D,0.8,0.11470266135181671,False,False,2100,1680,0.8,93,0.055357142857142855,0.04428571428571428,27,56,10,1771,0.8433333333333334,-0.01380952380952381,1,0,1,1,1678,0.044909659579749205,0.06738974935630355,,,,,,,,,
fit,D,0.85,0.11984897005427914,False,False,2100,1785,0.85,113,0.06330532212885154,0.05380952380952381,32,68,13,1764,0.84,-0.017142857142857144,1,0,1,1,1783,0.052453977336281626,0.07561755888524485,,,,,,,,,
fit,D,0.9,0.12519989957761207,False,False,2100,1890,0.9,147,0.07777777777777778,0.07,39,89,19,1750,0.8333333333333334,-0.023809523809523808,1,0,1,1,1888,0.06610138631775846,0.09078343232610159,,,,,,,,,
fit,D,0.95,0.13437740872606294,False,False,2100,1995,0.95,171,0.08571428571428572,0.08142857142857143,40,107,24,1733,0.8252380952380952,-0.03190476190476191,1,0,1,1,1993,0.07379528110170909,0.09886663085244009,,,,,,,,,
fit,D,1.0,Infinity,False,False,2100,2100,1.0,203,0.09666666666666666,0.09666666666666666,46,129,28,1717,0.8176190476190476,-0.039523809523809524,2,0,2,1,2097,0.08435950648241218,0.11011231655161621,,,,,,,,,
fit,R,0.05,0.11714229392379705,False,False,2100,105,0.05,0,0.0,0.0,0,0,0,1800,0.8571428571428571,0.0,1,0,0,0,105,0.0,0.03452221412650563,,,,,,,,,
fit,R,0.1,0.12736104171705365,False,False,2100,210,0.1,0,0.0,0.0,0,0,0,1800,0.8571428571428571,0.0,1,0,0,0,210,0.0,0.017412708267863678,,,,,,,,,
fit,R,0.15,0.13448889633827654,False,False,2100,315,0.15,0,0.0,0.0,0,0,0,1800,0.8571428571428571,0.0,1,0,0,0,315,0.0,0.011642424734286007,,,,,,,,,
fit,R,0.2,0.14059583531561914,False,False,2100,420,0.2,0,0.0,0.0,0,0,0,1800,0.8571428571428571,0.0,1,0,0,0,420,0.0,0.008744588043961133,,,,,,,,,
fit,R,0.25,0.14677750415404223,True,False,2100,525,0.25,1,0.0019047619047619048,0.0004761904761904762,1,0,0,1801,0.8576190476190476,0.0004761904761904762,1,0,0,0,525,4.8223233383051114e-05,0.010566562271517742,,,,,,,,,
fit,R,0.3,0.15367244904923216,True,False,2100,630,0.3,4,0.006349206349206349,0.0019047619047619048,2,2,0,1800,0.8571428571428571,0.0,1,0,0,0,630,0.0017325744833284,0.016176112590655222,,,,,,,,,
fit,R,0.35,0.1590408411246479,True,False,2100,735,0.35,9,0.012244897959183673,0.004285714285714286,2,6,1,1796,0.8552380952380952,-0.0019047619047619048,2,0,1,0,734,0.00561401710799765,0.02311689686879193,,,,,,,,,
fit,R,0.4,0.16532099602212336,True,True,2100,840,0.4,13,0.015476190476190477,0.006190476190476191,3,9,1,1794,0.8542857142857143,-0.002857142857142857,2,0,1,0,839,0.008265479577196071,0.02631936098094925,,,,,,,,,
fit,R,0.45,0.1709493339600331,False,False,2100,945,0.45,17,0.01798941798941799,0.008095238095238095,6,9,2,1797,0.8557142857142858,-0.0014285714285714286,1,0,1,1,943,0.010513537936531968,0.028646976767604377,,,,,,,,,
fit,R,0.5,0.17649812580475832,False,False,2100,1050,0.5,22,0.02095238095238095,0.010476190476190476,6,13,3,1793,0.8538095238095238,-0.0033333333333333335,1,0,1,1,1048,0.013176198279963554,0.03155110283782352,,,,,,,,,
fit,R,0.55,0.18327371995228192,False,False,2100,1155,0.55,30,0.025974025974025976,0.014285714285714285,7,20,3,1787,0.8509523809523809,-0.006190476190476191,1,0,1,1,1153,0.017591641694591643,0.03687312862521807,,,,,,,,,
fit,R,0.6,0.19074781808510477,False,False,2100,1260,0.6,39,0.030952380952380953,0.018571428571428572,13,23,3,1790,0.8523809523809524,-0.004761904761904762,1,0,1,1,1258,0.02210082353979875,0.04207169449093243,,,,,,,,,
fit,R,0.65,0.1976087190417628,False,False,2100,1365,0.65,48,0.035164835164835165,0.022857142857142857,14,29,5,1785,0.85,-0.007142857142857143,1,0,1,1,1363,0.026039364775625067,0.04635509489285425,,,,,,,,,
fit,R,0.7,0.20524083299824047,False,False,2100,1470,0.7,64,0.04353741496598639,0.030476190476190476,19,38,7,1781,0.8480952380952381,-0.009047619047619047,1,0,1,1,1468,0.03368778948567829,0.05525887375393825,,,,,,,,,
fit,R,0.75,0.21248436173756335,False,False,2100,1575,0.75,77,0.04888888888888889,0.03666666666666667,22,47,8,1775,0.8452380952380952,-0.011904761904761904,1,0,1,1,1573,0.03877195020440747,0.06072661062311755,,,,,,,,,
fit,R,0.8,0.22006179553703664,False,False,2100,1680,0.8,97,0.05773809523809524,0.04619047619047619,28,60,9,1768,0.8419047619047619,-0.015238095238095238,1,0,1,1,1678,0.04706788302637811,0.06998390244565866,,,,,,,,,
fit,R,0.85,0.23149812757749977,False,False,2100,1785,0.85,117,0.06554621848739496,0.055714285714285716,33,71,13,1762,0.839047619047619,-0.018095238095238095,1,0,1,1,1783,0.05450679075373927,0.07803832077784238,,,,,,,,,
fit,R,0.9,0.24333991959058865,False,False,2100,1890,0.9,148,0.07830687830687831,0.07047619047619047,36,94,18,1742,0.8295238095238096,-0.02761904761904762,1,0,1,1,1888,0.06659215535862643,0.0913490855387565,,,,,,,,,
fit,R,0.95,0.261719957483052,False,False,2100,1995,0.95,174,0.08721804511278196,0.08285714285714285,40,110,24,1730,0.8238095238095238,-0.03333333333333333,1,0,1,1,1993,0.07519977591765388,0.10046493040402739,,,,,,,,,
fit,R,1.0,Infinity,False,False,2100,2100,1.0,203,0.09666666666666666,0.09666666666666666,46,129,28,1717,0.8176190476190476,-0.039523809523809524,2,0,2,1,2097,0.08435950648241218,0.11011231655161621,,,,,,,,,
fit,Diff,0.05,0.013679740316734912,False,False,2100,105,0.05,0,0.0,0.0,0,0,0,1800,0.8571428571428571,0.0,1,0,0,0,105,0.0,0.03452221412650563,,,,,,,,,
fit,Diff,0.1,0.01757404873527646,False,False,2100,210,0.1,0,0.0,0.0,0,0,0,1800,0.8571428571428571,0.0,1,0,0,0,210,0.0,0.017412708267863678,,,,,,,,,
fit,Diff,0.15,0.020360565518235507,False,False,2100,315,0.15,1,0.0031746031746031746,0.0004761904761904762,0,1,0,1799,0.8566666666666667,-0.0004761904761904762,1,0,0,0,315,8.037076369803055e-05,0.017559936535118503,,,,,,,,,
fit,Diff,0.2,0.023043689898662345,False,False,2100,420,0.2,4,0.009523809523809525,0.0019047619047619048,2,2,0,1800,0.8571428571428571,0.0,1,0,0,0,420,0.0026008415907086357,0.024204055722296423,,,,,,,,,
fit,Diff,0.25,0.025890845497101078,False,False,2100,525,0.25,6,0.011428571428571429,0.002857142857142857,2,4,0,1798,0.8561904761904762,-0.0009523809523809524,1,0,0,0,525,0.004205314072148128,0.024708260632510956,,,,,,,,,
fit,Diff,0.3,0.028190387142774664,False,False,2100,630,0.3,7,0.011111111111111112,0.0033333333333333335,2,5,0,1797,0.8557142857142858,-0.0014285714285714286,1,0,0,0,630,0.004478589250902752,0.022758459524171576,,,,,,,,,
fit,Diff,0.35,0.031071249279197022,False,False,2100,735,0.35,12,0.0163265306122449,0.005714285714285714,5,7,0,1798,0.8561904761904762,-0.0009523809523809524,1,0,0,0,735,0.008463878796448355,0.028345348838541444,,,,,,,,,
fit,Diff,0.4,0.033016270370298306,False,False,2100,840,0.4,19,0.02261904761904762,0.009047619047619047,7,11,1,1796,0.8552380952380952,-0.0019047619047619048,1,0,0,0,840,0.013671783733674024,0.03509784098868588,,,,,,,,,
fit,Diff,0.45,0.03487732061456217,False,False,2100,945,0.45,23,0.02433862433862434,0.010952380952380953,8,14,1,1794,0.8542857142857143,-0.002857142857142857,1,0,0,0,945,0.015489721079731731,0.036297077276447896,,,,,,,,,
fit,Diff,0.5,0.037276597307819626,False,False,2100,1050,0.5,26,0.024761904761904763,0.012380952380952381,9,15,2,1794,0.8542857142857143,-0.002857142857142857,2,0,1,0,1049,0.01623760369536476,0.036072515006859714,,,,,,,,,
fit,Diff,0.55,0.039738665800783224,False,False,2100,1155,0.55,36,0.03116883116883117,0.017142857142857144,13,21,2,1792,0.8533333333333334,-0.0038095238095238095,2,0,1,0,1154,0.021923773622312986,0.04289138137253803,,,,,,,,,
fit,Diff,0.6,0.042528707186739734,False,False,2100,1260,0.6,49,0.03888888888888889,0.023333333333333334,17,28,4,1789,0.8519047619047619,-0.005238095238095238,1,0,1,1,1258,0.02890615872177301,0.051089524089213564,,,,,,,,,
fit,Diff,0.65,0.045363873322016635,False,False,2100,1365,0.65,57,0.041758241758241756,0.027142857142857142,21,31,5,1790,0.8523809523809524,-0.004761904761904762,1,0,1,1,1363,0.031778021379382924,0.053766690700685967,,,,,,,,,
fit,Diff,0.7,0.048391125919059474,False,False,2100,1470,0.7,71,0.04829931972789116,0.03380952380952381,23,38,10,1785,0.85,-0.007142857142857143,1,0,1,1,1468,0.03791184991892702,0.06053554587625929,,,,,,,,,
fit,Diff,0.75,0.05150182277488857,False,False,2100,1575,0.75,80,0.050793650793650794,0.0380952380952381,30,40,10,1790,0.8523809523809524,-0.004761904761904762,1,0,1,1,1573,0.04047856660605765,0.06282112663409918,,,,,,,,,
fit,Diff,0.8,0.05495314450268218,False,False,2100,1680,0.8,99,0.05892857142857143,0.047142857142857146,31,56,12,1775,0.8452380952380952,-0.011904761904761904,1,0,1,1,1678,0.04814902025238375,0.07127898172389062,,,,,,,,,
fit,Diff,0.85,0.05899105719359188,False,False,2100,1785,0.85,124,0.06946778711484594,0.05904761904761905,39,69,16,1770,0.8428571428571429,-0.014285714285714285,1,0,1,1,1783,0.05810836451907021,0.08226560748940757,,,,,,,,,
fit,Diff,0.9,0.06430356667521742,False,False,2100,1890,0.9,148,0.07830687830687831,0.07047619047619047,39,89,20,1750,0.8333333333333334,-0.023809523809523808,1,0,1,1,1888,0.06659215535862643,0.0913490855387565,,,,,,,,,
fit,Diff,0.95,0.07184769980313588,False,False,2100,1995,0.95,172,0.0862155388471178,0.08190476190476191,42,107,23,1735,0.8261904761904761,-0.030952380952380953,1,0,1,1,1993,0.07426332166051258,0.09939952080154589,,,,,,,,,
fit,Diff,1.0,Infinity,False,False,2100,2100,1.0,203,0.09666666666666666,0.09666666666666666,46,129,28,1717,0.8176190476190476,-0.039523809523809524,2,0,2,1,2097,0.08435950648241218,0.11011231655161621,,,,,,,,,
fit,H,0.05,0.045943813183105135,False,False,2100,105,0.05,0,0.0,0.0,0,0,0,1800,0.8571428571428571,0.0,1,0,0,0,105,0.0,0.03452221412650563,,,,,,,,,
fit,H,0.1,0.0484861424305195,True,False,2100,210,0.1,0,0.0,0.0,0,0,0,1800,0.8571428571428571,0.0,1,0,0,0,210,0.0,0.017412708267863678,,,,,,,,,
fit,H,0.15,0.050250763134808224,True,False,2100,315,0.15,0,0.0,0.0,0,0,0,1800,0.8571428571428571,0.0,1,0,0,0,315,0.0,0.011642424734286007,,,,,,,,,
fit,H,0.2,0.052216939387285145,True,False,2100,420,0.2,0,0.0,0.0,0,0,0,1800,0.8571428571428571,0.0,1,0,0,0,420,0.0,0.008744588043961133,,,,,,,,,
fit,H,0.25,0.05362096654722128,True,True,2100,525,0.25,3,0.005714285714285714,0.0014285714285714286,1,2,0,1799,0.8566666666666667,-0.0004761904761904762,1,0,0,0,525,0.0011799769243792085,0.01660806254702401,,,,,,,,,
fit,H,0.3,0.05527878170826983,False,False,2100,630,0.3,7,0.011111111111111112,0.0033333333333333335,2,5,0,1797,0.8557142857142858,-0.0014285714285714286,1,0,0,0,630,0.004478589250902752,0.022758459524171576,,,,,,,,,
fit,H,0.35,0.05674748570779616,False,False,2100,735,0.35,9,0.012244897959183673,0.004285714285714286,2,7,0,1795,0.8547619047619047,-0.002380952380952381,1,0,0,0,735,0.00561401710799765,0.02311689686879193,,,,,,,,,
fit,H,0.4,0.05797360744743901,False,False,2100,840,0.4,14,0.016666666666666666,0.006666666666666667,4,9,1,1795,0.8547619047619047,-0.002380952380952381,1,0,0,0,840,0.009141006597750783,0.027805859137257444,,,,,,,,,
fit,H,0.45,0.05916083866108548,False,False,2100,945,0.45,20,0.021164021164021163,0.009523809523809525,6,12,2,1794,0.8542857142857143,-0.002857142857142857,2,0,1,0,944,0.012974303993541143,0.032497590762327035,,,,,,,,,
fit,H,0.5,0.06054404428993229,False,False,2100,1050,0.5,24,0.022857142857142857,0.011428571428571429,6,16,2,1790,0.8523809523809524,-0.004761904761904762,2,0,1,0,1049,0.014698612899942978,0.03381964771899215,,,,,,,,,
fit,H,0.55,0.06213846426496155,False,False,2100,1155,0.55,33,0.02857142857142857,0.015714285714285715,12,18,3,1794,0.8542857142857143,-0.002857142857142857,1,0,1,1,1153,0.019747113766960055,0.039892423529306914,,,,,,,,,
fit,H,0.6,0.06369634690047259,False,False,2100,1260,0.6,44,0.03492063492063492,0.02095238095238095,15,25,4,1790,0.8523809523809524,-0.004761904761904762,1,0,1,1,1258,0.025485794211746505,0.04659776682153881,,,,,,,,,
fit,H,0.65,0.06522160496562059,False,False,2100,1365,0.65,49,0.035897435897435895,0.023333333333333334,16,28,5,1788,0.8514285714285714,-0.005714285714285714,1,0,1,1,1363,0.026672834751118344,0.0471826550856394,,,,,,,,,
fit,H,0.7,0.06693927405430387,False,False,2100,1470,0.7,69,0.04693877551020408,0.032857142857142856,23,38,8,1785,0.85,-0.007142857142857143,1,0,1,1,1468,0.03670177514767877,0.0590310623183226,,,,,,,,,
fit,H,0.75,0.06869357264583029,False,False,2100,1575,0.75,76,0.04825396825396826,0.03619047619047619,24,42,10,1782,0.8485714285714285,-0.008571428571428572,1,0,1,1,1573,0.03820406070666018,0.06002747301220631,,,,,,,,,
fit,H,0.8,0.07021375331710436,False,False,2100,1680,0.8,94,0.055952380952380955,0.04476190476190476,30,53,11,1777,0.8461904761904762,-0.010952380952380953,1,0,1,1,1678,0.04544869651315696,0.06803879919236454,,,,,,,,,
fit,H,0.85,0.07239492941810417,False,False,2100,1785,0.85,117,0.06554621848739496,0.055714285714285716,34,69,14,1765,0.8404761904761905,-0.016666666666666666,1,0,1,1,1783,0.05450679075373927,0.07803832077784238,,,,,,,,,
fit,H,0.9,0.07497978205849046,False,False,2100,1890,0.9,149,0.07883597883597884,0.07095238095238095,39,89,21,1750,0.8333333333333334,-0.023809523809523808,1,0,1,1,1888,0.06708308722777913,0.0919145773785857,,,,,,,,,
fit,H,0.95,0.07908576259385748,False,False,2100,1995,0.95,172,0.0862155388471178,0.08190476190476191,42,106,24,1736,0.8266666666666667,-0.030476190476190476,1,0,1,1,1993,0.07426332166051258,0.09939952080154589,,,,,,,,,
fit,H,1.0,Infinity,False,False,2100,2100,1.0,203,0.09666666666666666,0.09666666666666666,46,129,28,1717,0.8176190476190476,-0.039523809523809524,2,0,2,1,2097,0.08435950648241218,0.11011231655161621,,,,,,,,,
cal,D,0.05,0.06544978618624626,False,False,1366,79,0.057833089311859445,0,0.0,0.0,0,0,0,1178,0.862371888726208,0.0,0,0,0,0,79,0.0,0.045621252758611106,,,,,,,,,
cal,D,0.1,0.07011126782477158,False,False,1366,132,0.09663250366032211,0,0.0,0.0,0,0,0,1178,0.862371888726208,0.0,0,0,0,0,132,0.0,0.027559177723457548,,,,,,,,,
cal,D,0.15,0.07361258920795709,True,False,1366,188,0.1376281112737921,1,0.005319148936170213,0.0007320644216691069,0,1,0,1177,0.8616398243045388,-0.0007320644216691069,0,0,0,0,188,0.00013466012391728194,0.029278561887899568,,,,,,,,,
cal,D,0.2,0.07703257617313741,True,False,1366,249,0.1822840409956076,2,0.008032128514056224,0.0014641288433382138,0,2,0,1176,0.8609077598828697,-0.0014641288433382138,0,0,0,0,249,0.0009742125043696211,0.02871199509297308,,,,,,,,,
cal,D,0.25,0.08051686084384338,True,False,1366,325,0.23792093704245973,4,0.012307692307692308,0.0029282576866764276,0,4,0,1174,0.8594436310395315,-0.0029282576866764276,0,0,0,0,325,0.00336333683681866,0.031211083839080337,,,,,,,,,
cal,D,0.3,0.08307916184658852,True,True,1366,380,0.2781844802342606,6,0.015789473684210527,0.004392386530014641,0,6,0,1172,0.8579795021961932,-0.004392386530014641,0,0,0,0,380,0.0058159325299253165,0.03404863990669557,,,,,,,,,
cal,D,0.35,0.08614836532551183,False,False,1366,454,0.3323572474377745,11,0.024229074889867842,0.008052708638360176,0,11,0,1167,0.8543191800878477,-0.008052708638360176,0,0,0,0,454,0.012155713065262027,0.04293829509865638,,,,,,,,,
cal,D,0.4,0.08877346652614314,False,False,1366,527,0.3857979502196193,13,0.024667931688804556,0.00951683748169839,0,12,1,1166,0.8535871156661786,-0.008784773060029283,0,0,0,0,527,0.01319853462811938,0.041813529117844875,,,,,,,,,
cal,D,0.45,0.09124921560598001,False,False,1366,581,0.4253294289897511,15,0.025817555938037865,0.010980966325036604,0,14,1,1164,0.8521229868228404,-0.010248901903367497,0,0,0,0,581,0.014520288905789954,0.04222503195256872,,,,,,,,,
cal,D,0.5,0.09428394401285886,False,False,1366,643,0.4707174231332357,18,0.027993779160186624,0.013177159590043924,2,14,2,1166,0.8535871156661786,-0.008784773060029283,0,0,0,0,643,0.016673456400323788,0.04388238103991121,,,,,,,,,
cal,D,0.55,0.09748868540822955,False,False,1366,709,0.5190336749633968,24,0.03385049365303244,0.017569546120058566,2,17,5,1163,0.8513909224011713,-0.010980966325036604,0,0,0,0,709,0.02180671386615197,0.04994985241233834,,,,,,,,,
cal,D,0.6,0.10060263240834924,False,False,1366,779,0.5702781844802343,30,0.038510911424903725,0.021961932650073207,2,23,5,1157,0.8469985358711567,-0.015373352855051245,0,0,0,0,779,0.026131279934501317,0.054522408801626995,,,,,,,,,
cal,D,0.65,0.10404623601403046,False,False,1366,849,0.6215226939970717,39,0.045936395759717315,0.02855051244509517,4,30,5,1152,0.8433382137628112,-0.01903367496339678,0,0,0,0,849,0.0328660095934511,0.06226427910644598,,,,,,,,,
cal,D,0.7,0.10772473703441966,False,False,1366,920,0.6734992679355783,43,0.04673913043478261,0.0314787701317716,5,33,5,1150,0.8418740849194729,-0.020497803806734993,0,0,0,0,920,0.034028654690447815,0.06244375012407077,,,,,,,,,
cal,D,0.75,0.11108057622555029,False,False,1366,990,0.7247437774524158,51,0.051515151515151514,0.03733528550512445,8,38,5,1148,0.8404099560761347,-0.021961932650073207,0,0,0,0,990,0.03859356203207851,0.06717974296115485,,,,,,,,,
cal,D,0.8,0.11470266135181671,False,False,1366,1063,0.7781844802342606,69,0.06491063029162747,0.050512445095168376,11,46,12,1143,0.8367496339677891,-0.02562225475841874,0,0,0,0,1063,0.05085184633665923,0.08143325536792723,,,,,,,,,
cal,D,0.85,0.11984897005427914,False,False,1366,1142,0.83601756954612,86,0.07530647985989491,0.0629575402635432,17,55,14,1140,0.8345534407027818,-0.027818448023426062,0,0,0,0,1142,0.06067371597378432,0.09216942152590896,,,,,,,,,
cal,D,0.9,0.12519989957761207,False,False,1366,1220,0.8931185944363104,102,0.08360655737704918,0.0746705710102489,17,67,18,1128,0.8257686676427526,-0.036603221083455345,0,0,0,0,1220,0.06868305354787244,0.10057141253452878,,,,,,,,,
cal,D,0.95,0.13437740872606294,False,False,1366,1282,0.9385065885797951,114,0.08892355694227769,0.08345534407027819,21,72,21,1127,0.8250366032210834,-0.03733528550512445,1,0,1,0,1281,0.07390926312394866,0.10585255956482591,,,,,,,,,
cal,D,1.0,Infinity,False,False,1366,1366,1.0,143,0.10468521229868229,0.10468521229868229,25,90,28,1113,0.8147877013177159,-0.04758418740849195,2,0,2,0,1364,0.08894788037292162,0.122145376963271,,,,,,,,,
cal,R,0.05,0.11714229392379705,False,False,1366,64,0.04685212298682284,0,0.0,0.0,0,0,0,1178,0.862371888726208,0.0,0,0,0,0,64,0.0,0.05600908938663656,,,,,,,,,
cal,R,0.1,0.12736104171705365,False,False,1366,129,0.09443631039531479,0,0.0,0.0,0,0,0,1178,0.862371888726208,0.0,0,0,0,0,129,0.0,0.02819096974972637,,,,,,,,,
cal,R,0.15,0.13448889633827654,False,False,1366,187,0.13689604685212298,2,0.0106951871657754,0.0014641288433382138,0,2,0,1176,0.8609077598828697,-0.0014641288433382138,0,0,0,0,187,0.0012978713479954713,0.038098723778990214,,,,,,,,,
cal,R,0.2,0.14059583531561914,False,False,1366,242,0.17715959004392387,3,0.012396694214876033,0.0021961932650073207,0,3,0,1175,0.8601756954612005,-0.0021961932650073207,0,0,0,0,242,0.0025638290182187088,0.0357989447131382,,,,,,,,,
cal,R,0.25,0.14677750415404223,True,False,1366,311,0.22767203513909223,4,0.012861736334405145,0.0029282576866764276,0,4,0,1174,0.8594436310395315,-0.0029282576866764276,0,0,0,0,311,0.0035152095080862875,0.032601955135757005,,,,,,,,,
cal,R,0.3,0.15367244904923216,True,False,1366,387,0.28330893118594436,6,0.015503875968992248,0.004392386530014641,0,6,0,1172,0.8579795021961932,-0.004392386530014641,0,0,0,0,387,0.005710350923130161,0.033438413575744334,,,,,,,,,
cal,R,0.35,0.1590408411246479,True,False,1366,449,0.328696925329429,8,0.017817371937639197,0.005856515373352855,0,8,0,1170,0.8565153733528551,-0.005856515373352855,0,0,0,0,449,0.007722875768019425,0.034804331982571234,,,,,,,,,
cal,R,0.4,0.16532099602212336,True,True,1366,523,0.3828696925329429,11,0.021032504780114723,0.008052708638360176,0,11,0,1167,0.8543191800878477,-0.008052708638360176,0,0,0,0,523,0.01054499123753565,0.03732080368856371,,,,,,,,,
cal,R,0.45,0.1709493339600331,False,False,1366,584,0.42752562225475843,15,0.025684931506849314,0.010980966325036604,0,14,1,1164,0.8521229868228404,-0.010248901903367497,0,0,0,0,584,0.014445334974984824,0.04200994844283052,,,,,,,,,
cal,R,0.5,0.17649812580475832,False,False,1366,653,0.4780380673499268,20,0.030627871362940276,0.014641288433382138,1,17,2,1162,0.8506588579795022,-0.01171303074670571,0,0,0,0,653,0.01880660301665407,0.046907229695555996,,,,,,,,,
cal,R,0.55,0.18327371995228192,False,False,1366,715,0.5234260614934114,27,0.03776223776223776,0.019765739385065886,2,20,5,1160,0.849194729136164,-0.013177159590043924,0,0,0,0,715,0.025030361275139308,0.054468569108177586,,,,,,,,,
cal,R,0.6,0.19074781808510477,False,False,1366,782,0.5724743777452416,30,0.03836317135549872,0.021961932650073207,2,23,5,1157,0.8469985358711567,-0.015373352855051245,0,0,0,0,782,0.026030457994932924,0.05431498637855589,,,,,,,,,
cal,R,0.65,0.1976087190417628,False,False,1366,852,0.623718887262079,37,0.04342723004694836,0.027086383601756955,3,29,5,1152,0.8433382137628112,-0.01903367496339678,0,0,0,0,852,0.03075806560547143,0.05936447186219257,,,,,,,,,
cal,R,0.7,0.20524083299824047,False,False,1366,927,0.678623718887262,47,0.05070118662351672,0.034407027818448024,8,34,5,1152,0.8433382137628112,-0.01903367496339678,0,0,0,0,927,0.03748780147464362,0.06685435032691234,,,,,,,,,
cal,R,0.75,0.21248436173756335,False,False,1366,988,0.7232796486090776,56,0.05668016194331984,0.040995607613469986,8,40,8,1146,0.8389458272327965,-0.02342606149341142,0,0,0,0,988,0.04309609324555626,0.07297595059335495,,,,,,,,,
cal,R,0.8,0.22006179553703664,False,False,1366,1068,0.7818448023426061,70,0.06554307116104868,0.05124450951683748,12,47,11,1143,0.8367496339677891,-0.02562225475841874,0,0,0,0,1068,0.05144689487851668,0.08208735599596498,,,,,,,,,
cal,R,0.85,0.23149812757749977,False,False,1366,1150,0.8418740849194729,85,0.07391304347826087,0.06222547584187409,16,56,13,1138,0.8330893118594437,-0.029282576866764276,0,0,0,0,1150,0.059462694617275956,0.09058574157076173,,,,,,,,,
cal,R,0.9,0.24333991959058865,False,False,1366,1223,0.8953147877013177,98,0.08013082583810302,0.07174231332357248,17,65,16,1130,0.8272327964860908,-0.03513909224011713,0,0,0,0,1223,0.06553014045302201,0.09678608537420105,,,,,,,,,
cal,R,0.95,0.261719957483052,False,False,1366,1285,0.9407027818448024,114,0.088715953307393,0.08345534407027819,20,73,21,1125,0.8235724743777453,-0.038799414348462666,1,0,1,0,1284,0.07373537353447068,0.10560773470313614,,,,,,,,,
cal,R,1.0,Infinity,False,False,1366,1366,1.0,143,0.10468521229868229,0.10468521229868229,25,90,28,1113,0.8147877013177159,-0.04758418740849195,2,0,2,0,1364,0.08894788037292162,0.122145376963271,,,,,,,,,
cal,Diff,0.05,0.013679740316734912,False,False,1366,69,0.050512445095168376,0,0.0,0.0,0,0,0,1178,0.862371888726208,0.0,0,0,0,0,69,0.0,0.05205805786307967,,,,,,,,,
cal,Diff,0.1,0.01757404873527646,False,False,1366,138,0.10102489019033675,1,0.007246376811594203,0.0007320644216691069,0,1,0,1177,0.8616398243045388,-0.0007320644216691069,0,0,0,0,138,0.00018344554850505007,0.0397117779928485,,,,,,,,,
cal,Diff,0.15,0.020360565518235507,False,False,1366,209,0.15300146412884333,2,0.009569377990430622,0.0014641288433382138,0,2,0,1176,0.8609077598828697,-0.0014641288433382138,0,0,0,0,209,0.0011610043192095325,0.03413849664327392,,,,,,,,,
cal,Diff,0.2,0.023043689898662345,False,False,1366,279,0.2042459736456808,4,0.014336917562724014,0.0029282576866764276,0,4,0,1174,0.8594436310395315,-0.0029282576866764276,0,0,0,0,279,0.003919779143867834,0.03629933759298416,,,,,,,,,
cal,Diff,0.25,0.025890845497101078,False,False,1366,342,0.25036603221083453,8,0.023391812865497075,0.005856515373352855,0,8,0,1170,0.8565153733528551,-0.005856515373352855,0,0,0,0,342,0.010151787349662642,0.04556922239768548,,,,,,,,,
cal,Diff,0.3,0.028190387142774664,False,False,1366,402,0.29428989751098095,9,0.022388059701492536,0.006588579795021962,0,9,0,1169,0.8557833089311859,-0.006588579795021962,0,0,0,0,402,0.01028716200841166,0.04207280691734734,,,,,,,,,
cal,Diff,0.35,0.031071249279197022,False,False,1366,476,0.3484626647144949,15,0.031512605042016806,0.010980966325036604,2,12,1,1168,0.8550512445095169,-0.007320644216691069,0,0,0,0,476,0.017742483590936973,0.05144316940262879,,,,,,,,,
cal,Diff,0.4,0.033016270370298306,False,False,1366,531,0.38872620790629575,16,0.030131826741996232,0.01171303074670571,2,13,1,1167,0.8543191800878477,-0.008052708638360176,0,0,0,0,531,0.01731900294261641,0.04847185247009898,,,,,,,,,
cal,Diff,0.45,0.03487732061456217,False,False,1366,572,0.41874084919472915,18,0.03146853146853147,0.013177159590043924,2,15,1,1165,0.8528550512445096,-0.00951683748169839,0,0,0,0,572,0.018754724825744,0.049279038129714646,,,,,,,,,
cal,Diff,0.5,0.037276597307819626,False,False,1366,646,0.47291361639824303,21,0.032507739938080496,0.015373352855051245,2,15,4,1165,0.8528550512445096,-0.00951683748169839,0,0,0,0,646,0.02023317923799396,0.04926374534239534,,,,,,,,,
cal,Diff,0.55,0.039738665800783224,False,False,1366,711,0.5204978038067349,26,0.03656821378340366,0.01903367496339678,2,19,5,1161,0.8499267935578331,-0.012445095168374817,0,0,0,0,711,0.024024050575366256,0.05312373516909824,,,,,,,,,
cal,Diff,0.6,0.042528707186739734,False,False,1366,777,0.568814055636896,31,0.039897039897039896,0.022693997071742314,2,24,5,1156,0.8462664714494875,-0.016105417276720352,0,0,0,0,777,0.027266262461608744,0.056154951412646745,,,,,,,,,
cal,Diff,0.65,0.045363873322016635,False,False,1366,847,0.6200585651537335,38,0.0448642266824085,0.027818448023426062,4,29,5,1153,0.8440702781844802,-0.018301610541727673,0,0,0,0,847,0.0319410863530781,0.061062280244737935,,,,,,,,,
cal,Diff,0.7,0.048391125919059474,False,False,1366,916,0.6705710102489019,41,0.04475982532751092,0.030014641288433383,5,31,5,1152,0.8433382137628112,-0.01903367496339678,0,0,0,0,916,0.03230881607537745,0.06023446730576926,,,,,,,,,
cal,Diff,0.75,0.05150182277488857,False,False,1366,1000,0.7320644216691069,57,0.057,0.04172767203513909,7,40,10,1145,0.8382137628111274,-0.024158125915080528,0,0,0,0,1000,0.04345358193695858,0.07322272946066224,,,,,,,,,
cal,Diff,0.8,0.05495314450268218,False,False,1366,1067,0.781112737920937,70,0.06560449859418932,0.05124450951683748,11,47,12,1142,0.83601756954612,-0.02635431918008785,0,0,0,0,1067,0.05149544971584512,0.0821636039450093,,,,,,,,,
cal,Diff,0.85,0.05899105719359188,False,False,1366,1130,0.8272327964860908,85,0.0752212389380531,0.06222547584187409,15,56,14,1137,0.8323572474377745,-0.030014641288433383,0,0,0,0,1130,0.06052295553309446,0.09217426757794243,,,,,,,,,
cal,Diff,0.9,0.06430356667521742,False,False,1366,1215,0.8894582723279648,104,0.08559670781893004,0.07613469985358712,17,68,19,1127,0.8250366032210834,-0.03733528550512445,0,0,0,0,1215,0.0704720901614335,0.10276069803159629,,,,,,,,,
cal,Diff,0.95,0.07184769980313588,False,False,1366,1285,0.9407027818448024,115,0.08949416342412451,0.0841874084919473,20,73,22,1125,0.8235724743777453,-0.038799414348462666,1,0,1,0,1284,0.07445047475912678,0.10644520392508328,,,,,,,,,
cal,Diff,1.0,Infinity,False,False,1366,1366,1.0,143,0.10468521229868229,0.10468521229868229,25,90,28,1113,0.8147877013177159,-0.04758418740849195,2,0,2,0,1364,0.08894788037292162,0.122145376963271,,,,,,,,,
cal,H,0.05,0.045943813183105135,False,False,1366,83,0.06076134699853587,0,0.0,0.0,0,0,0,1178,0.862371888726208,0.0,0,0,0,0,83,0.0,0.0434711521664418,,,,,,,,,
cal,H,0.1,0.0484861424305195,True,False,1366,137,0.10029282576866765,0,0.0,0.0,0,0,0,1178,0.862371888726208,0.0,0,0,0,0,137,0.0,0.026566851096283282,,,,,,,,,
cal,H,0.15,0.050250763134808224,True,False,1366,197,0.14421669106881405,1,0.005076142131979695,0.0007320644216691069,0,1,0,1177,0.8616398243045388,-0.0007320644216691069,0,0,0,0,197,0.00012850853386930334,0.027956460269938085,,,,,,,,,
cal,H,0.2,0.052216939387285145,True,False,1366,269,0.19692532942898974,3,0.011152416356877323,0.0021961932650073207,0,3,0,1175,0.8601756954612005,-0.0021961932650073207,0,0,0,0,269,0.002305827926398838,0.03224433992903975,,,,,,,,,
cal,H,0.25,0.05362096654722128,True,True,1366,327,0.23938506588579794,4,0.012232415902140673,0.0029282576866764276,0,4,0,1174,0.8594436310395315,-0.0029282576866764276,0,0,0,0,327,0.003342705453589902,0.031022016472107977,,,,,,,,,
cal,H,0.3,0.05527878170826983,False,False,1366,388,0.2840409956076135,8,0.020618556701030927,0.005856515373352855,0,8,0,1170,0.8565153733528551,-0.005856515373352855,0,0,0,0,388,0.008942653645571176,0.04022112814604937,,,,,,,,,
cal,H,0.35,0.05674748570779616,False,False,1366,465,0.3404099560761347,11,0.023655913978494623,0.008052708638360176,0,11,0,1167,0.8543191800878477,-0.008052708638360176,0,0,0,0,465,0.011866744480595938,0.04193211051753884,,,,,,,,,
cal,H,0.4,0.05797360744743901,False,False,1366,531,0.38872620790629575,14,0.026365348399246705,0.010248901903367497,0,13,1,1165,0.8528550512445096,-0.00951683748169839,0,0,0,0,531,0.014487495216176313,0.04384121111686944,,,,,,,,,
cal,H,0.45,0.05916083866108548,False,False,1366,575,0.42093704245973645,16,0.02782608695652174,0.01171303074670571,1,14,1,1165,0.8528550512445096,-0.00951683748169839,0,0,0,0,575,0.015986860751139337,0.04479525882773314,,,,,,,,,
cal,H,0.5,0.06054404428993229,False,False,1366,640,0.4685212298682284,18,0.028125,0.013177159590043924,2,14,2,1166,0.8535871156661786,-0.008784773060029283,0,0,0,0,640,0.01675200629810032,0.04408638286600256,,,,,,,,,
cal,H,0.55,0.06213846426496155,False,False,1366,709,0.5190336749633968,23,0.03244005641748942,0.01683748169838946,2,16,5,1164,0.8521229868228404,-0.010248901903367497,0,0,0,0,709,0.020673126729157987,0.048279954698930434,,,,,,,,,
cal,H,0.6,0.06369634690047259,False,False,1366,782,0.5724743777452416,32,0.04092071611253197,0.02342606149341142,4,23,5,1159,0.8484626647144948,-0.013909224011713031,0,0,0,0,782,0.028155229808916833,0.05727917890962809,,,,,,,,,
cal,H,0.65,0.06522160496562059,False,False,1366,846,0.6193265007320644,39,0.04609929078014184,0.02855051244509517,4,30,5,1152,0.8433382137628112,-0.01903367496339678,0,0,0,0,846,0.03298328190780114,0.06248316950011707,,,,,,,,,
cal,H,0.7,0.06693927405430387,False,False,1366,916,0.6705710102489019,42,0.04585152838427948,0.03074670571010249,5,32,5,1151,0.842606149341142,-0.019765739385065886,0,0,0,0,916,0.033242429284195456,0.06147534036176933,,,,,,,,,
cal,H,0.75,0.06869357264583029,False,False,1366,1002,0.7335285505124451,52,0.05189620758483034,0.03806734992679356,7,38,7,1147,0.8396778916544656,-0.022693997071742314,0,0,0,0,1002,0.0389980502107311,0.06750112997351103,,,,,,,,,
cal,H,0.8,0.07021375331710436,False,False,1366,1075,0.7869692532942899,73,0.06790697674418604,0.053440702781844804,12,49,12,1141,0.835285505124451,-0.027086383601756955,0,0,0,0,1075,0.05360250686612888,0.08462858168081105,,,,,,,,,
cal,H,0.85,0.07239492941810417,False,False,1366,1134,0.8301610541727672,85,0.07495590828924162,0.06222547584187409,16,56,13,1138,0.8330893118594437,-0.029282576866764276,0,0,0,0,1134,0.06030788886580875,0.09185212183138614,,,,,,,,,
cal,H,0.9,0.07497978205849046,False,False,1366,1215,0.8894582723279648,101,0.0831275720164609,0.0739385065885798,17,66,18,1129,0.8265007320644217,-0.03587115666178624,0,0,0,0,1215,0.0682164341287219,0.10009112343177312,,,,,,,,,
cal,H,0.95,0.07908576259385748,False,False,1366,1281,0.9377745241581259,113,0.08821233411397346,0.08272327964860908,20,71,22,1127,0.8250366032210834,-0.03733528550512445,1,0,1,0,1280,0.073250409275659,0.10509401650167931,,,,,,,,,
cal,H,1.0,Infinity,False,False,1366,1366,1.0,143,0.10468521229868229,0.10468521229868229,25,90,28,1113,0.8147877013177159,-0.04758418740849195,2,0,2,0,1364,0.08894788037292162,0.122145376963271,,,,,,,,,
cal,Random,0.05,0.05,False,False,1366,70,0.05124450951683748,11,0.15714285714285714,0.008052708638360176,1,8,2,1171,0.8572474377745242,-0.005124450951683748,0,0,0,0,70,0.08114376355044775,0.2637997652163114,,,,,,,,,
cal,Random,0.1,0.1,False,False,1366,137,0.10029282576866765,16,0.11678832116788321,0.01171303074670571,1,13,2,1166,0.8535871156661786,-0.008784773060029283,0,0,0,0,137,0.06824898866017955,0.18272083282852616,,,,,,,,,
cal,Random,0.15,0.15,False,False,1366,204,0.1493411420204978,26,0.12745098039215685,0.01903367496339678,3,16,7,1165,0.8528550512445096,-0.00951683748169839,1,0,1,0,203,0.08497207272647767,0.1811451403022417,,,,,,,,,
cal,Random,0.2,0.2,False,False,1366,278,0.20351390922401172,33,0.11870503597122302,0.024158125915080528,6,20,7,1164,0.8521229868228404,-0.010248901903367497,1,0,1,0,277,0.08313660405720211,0.16265192249364827,,,,,,,,,
cal,Random,0.25,0.25,False,False,1366,334,0.2445095168374817,42,0.12574850299401197,0.03074670571010249,8,25,9,1161,0.8499267935578331,-0.012445095168374817,1,0,1,0,333,0.09215170130119751,0.1661544318582877,,,,,,,,,
cal,Random,0.3,0.3,False,False,1366,398,0.2913616398243045,49,0.12311557788944724,0.03587115666178624,8,31,10,1155,0.8455344070278185,-0.01683748169838946,1,0,1,0,397,0.09248592111489866,0.1594819020480641,,,,,,,,,
cal,Random,0.35,0.35,False,False,1366,458,0.33528550512445093,55,0.12008733624454149,0.04026354319180088,9,35,11,1152,0.8433382137628112,-0.01903367496339678,1,0,1,0,457,0.09176050558143865,0.15342823048423537,,,,,,,,,
cal,Random,0.4,0.4,False,False,1366,541,0.39604685212298685,65,0.12014787430683918,0.04758418740849195,11,41,13,1148,0.8404099560761347,-0.021961932650073207,1,0,1,0,540,0.09396317618469019,0.1505637210355892,,,,,,,,,
cal,Random,0.45,0.45,False,False,1366,598,0.4377745241581259,70,0.11705685618729098,0.05124450951683748,13,43,14,1148,0.8404099560761347,-0.021961932650073207,1,0,1,0,597,0.09239745562732293,0.14557021407602813,,,,,,,,,
cal,Random,0.5,0.5,False,False,1366,668,0.4890190336749634,76,0.11377245508982035,0.055636896046852125,13,48,15,1143,0.8367496339677891,-0.02562225475841874,1,0,1,0,667,0.0906940084329637,0.1403256809265021,,,,,,,,,
cal,Random,0.55,0.55,False,False,1366,729,0.5336749633967789,82,0.11248285322359397,0.060029282576866766,14,50,18,1142,0.83601756954612,-0.02635431918008785,2,0,2,0,727,0.09046656026243863,0.13768976186071652,,,,,,,,,
cal,Random,0.6,0.6,False,False,1366,815,0.5966325036603221,91,0.1116564417177914,0.06661786237188873,14,57,20,1135,0.8308931185944363,-0.0314787701317716,2,0,2,0,813,0.09085645557001416,0.13531167170424244,,,,,,,,,
cal,Random,0.65,0.65,False,False,1366,874,0.6398243045387995,96,0.10983981693363844,0.07027818448023426,15,61,20,1132,0.828696925329429,-0.03367496339677892,2,0,2,0,872,0.08988044793459589,0.1324718964611601,,,,,,,,,
cal,Random,0.7,0.7,False,False,1366,946,0.6925329428989752,106,0.11205073995771671,0.07759882869692533,15,69,22,1124,0.8228404099560761,-0.03953147877013177,2,0,2,0,944,0.09265418189355604,0.13389895470011384,,,,,,,,,
cal,Random,0.75,0.75,False,False,1366,1013,0.7415812591508053,116,0.11451135241855874,0.0849194729136164,16,75,25,1119,0.8191800878477306,-0.04319180087847731,2,0,2,0,1011,0.09555108712758602,0.13574365707759986,,,,,,,,,
cal,Random,0.8,0.8,False,False,1366,1087,0.7957540263543191,120,0.11039558417663294,0.08784773060029283,18,76,26,1120,0.8199121522693997,-0.0424597364568082,2,0,2,0,1085,0.09238008715935685,0.13054998157121608,,,,,,,,,
cal,Random,0.85,0.85,False,False,1366,1170,0.8565153733528551,125,0.10683760683760683,0.09150805270863836,21,78,26,1121,0.8206442166910688,-0.04172767203513909,2,0,2,0,1168,0.08971544332211975,0.1259639063201597,,,,,,,,,
cal,Random,0.9,0.9,False,False,1366,1243,0.9099560761346999,135,0.1086082059533387,0.09882869692532943,23,85,27,1116,0.8169838945827232,-0.04538799414348463,2,0,2,0,1241,0.0918501708255467,0.12724223519539563,,,,,,,,,
cal,Random,0.95,0.95,False,False,1366,1305,0.9553440702781845,139,0.10651340996168582,0.10175695461200586,23,88,28,1113,0.8147877013177159,-0.04758418740849195,2,0,2,0,1303,0.09029353944069825,0.1245289920484468,,,,,,,,,
cal,Random,1.0,1.0,False,False,1366,1366,1.0,143,0.10468521229868229,0.10468521229868229,25,90,28,1113,0.8147877013177159,-0.04758418740849195,2,0,2,0,1364,0.08894788037292162,0.122145376963271,,,,,,,,,
dev,D,0.05,0.06544978618624626,False,False,742,51,0.06873315363881402,0,0.0,0.0,0,0,0,645,0.8692722371967655,0.0,0,0,0,0,51,0.0,0.06977703074953864,969.7047325441714,999.1208409689585,1258.5609101358557,6.0592439136713105,0.0062097434009269325,0.8323258285812658,4.948787061994609,1,9
dev,D,0.1,0.07011126782477158,False,False,742,85,0.11455525606469003,0,0.0,0.0,0,0,0,645,0.8692722371967655,0.0,0,0,0,0,85,0.0,0.04247033991124916,938.8106959962955,995.3476605306291,1251.6012590665712,36.9532804615471,0.03787112596192841,0.8335029123468418,8.247978436657682,4,14
dev,D,0.15,0.07361258920795709,True,False,742,109,0.14690026954177898,4,0.03669724770642202,0.005390835579514825,2,2,0,645,0.8692722371967655,0.0,0,0,0,0,109,0.010087724573561555,0.09129831717521947,915.0315602798893,991.0029063976738,1245.2605607151972,60.73241617795339,0.06224088779995795,0.8344089135606306,10.576819407008086,5,16
dev,D,0.2,0.07703257617313741,True,False,742,153,0.20619946091644206,4,0.026143790849673203,0.005390835579514825,2,2,0,645,0.8692722371967655,0.0,0,0,0,0,153,0.007168254079990959,0.06558362660440463,873.0017058236905,972.1672600088855,1244.5030303916114,102.76227063415213,0.10531467969046501,0.8360102795483108,14.846361185983827,9,21
dev,D,0.25,0.08051686084384338,True,False,742,191,0.2574123989218329,5,0.02617801047120419,0.006738544474393531,2,3,0,644,0.8679245283018868,-0.0013477088948787063,0,0,0,0,191,0.008553390458078812,0.06003039799714194,836.0496444800863,958.8783854577562,1231.0018851992272,139.7143319777564,0.14318455625400175,0.8360704692763499,18.533692722371967,12,26
dev,D,0.3,0.08307916184658852,True,True,742,230,0.30997304582210244,6,0.02608695652173913,0.008086253369272238,2,4,0,643,0.866576819407008,-0.0026954177897574125,0,0,0,0,230,0.00963232368508743,0.05591266534121482,797.1662359224952,945.1912888819065,1219.534831512978,178.59774053534736,0.18303375082945952,0.8362042446443797,22.318059299191376,15,30
dev,D,0.35,0.08614836532551183,False,False,742,263,0.35444743935309975,6,0.022813688212927757,0.008086253369272238,2,4,0,643,0.866576819407008,-0.0026954177897574125,0,0,0,0,263,0.008417183376454992,0.04899186152505321,765.297485891645,928.5034154882546,1218.8796287482426,210.46649056619748,0.21569405680482262,0.8374184656553629,25.52021563342318,18,33
dev,D,0.4,0.08877346652614314,False,False,742,288,0.3881401617250674,7,0.024305555555555556,0.009433962264150943,2,4,1,643,0.866576819407008,-0.0026954177897574125,0,0,0,0,288,0.009826686255395551,0.04943534389800979,742.1993418399007,907.4653000992871,1218.8796287482426,233.5646346179419,0.23936591250869257,0.8382985206244219,27.946091644204852,20,36
dev,D,0.45,0.09124921560598001,False,False,742,321,0.4326145552560647,11,0.03426791277258567,0.014824797843665768,4,6,1,643,0.866576819407008,-0.0026954177897574125,0,0,0,0,321,0.017228225492556568,0.06048644316481907,709.5555866514957,877.2855941629416,1218.3003807993914,266.208389806347,0.272820473218042,0.8395422698580374,31.148247978436657,23,39
dev,D,0.5,0.09428394401285886,False,False,742,355,0.4784366576819407,11,0.030985915492957747,0.014824797843665768,4,6,1,643,0.866576819407008,-0.0026954177897574125,0,0,0,0,355,0.0155675168847289,0.05476504504157454,677.1946801625155,807.0579741975338,1217.5451917586568,298.56929629532704,0.3059851598325803,0.8407752423641867,34.44743935309973,27,42
dev,D,0.55,0.09748868540822955,False,False,742,403,0.5431266846361186,12,0.02977667493796526,0.016172506738544475,4,7,1,642,0.8652291105121294,-0.004043126684636119,0,0,0,0,403,0.015478753349675864,0.05143581280980404,629.6623664969622,323.28798097245294,1206.300456230953,346.10160996088035,0.3546980810024129,0.841238546888331,39.105121293800536,31,47
dev,D,0.6,0.10060263240834924,False,False,742,438,0.5902964959568733,17,0.03881278538812785,0.022911051212938006,6,10,1,641,0.8638814016172507,-0.005390835579514825,0,0,0,0,438,0.02276961303847225,0.061417122381201464,593.6186788888591,321.60075312724683,1183.2865909244988,382.1452975689835,0.39163702164556585,0.8412641269603779,42.501347708894876,35,50
dev,D,0.65,0.10404623601403046,False,False,742,485,0.6536388140161725,21,0.04329896907216495,0.02830188679245283,8,12,1,641,0.8638814016172507,-0.005390835579514825,0,0,0,0,485,0.026999371784652174,0.06542760897637129,547.5659893487394,318.3742335486668,1159.4311550142927,428.1979871091031,0.4388335677891294,0.8430187656957463,47.06199460916442,39,54
dev,D,0.7,0.10772473703441966,False,False,742,533,0.7183288409703504,27,0.05065666041275797,0.03638814016172507,10,15,2,640,0.862533692722372,-0.006738544474393531,0,0,0,0,533,0.03364490082266081,0.07284970406605586,500.69660844834925,285.3765366766345,1153.122576155957,475.0673680094933,0.486867090271208,0.8434568120314913,51.71967654986523,44,59
dev,D,0.75,0.11108057622555029,False,False,742,559,0.7533692722371967,30,0.05366726296958855,0.04043126684636118,10,18,2,637,0.8584905660377359,-0.01078167115902965,0,0,0,0,559,0.03649835958908355,0.07572973091980155,474.39423139794565,284.995465000178,1147.6764576152743,501.36974505989696,0.5138227657060451,0.8404158237684276,54.242587601078164,47,61
dev,D,0.8,0.11470266135181671,False,False,742,580,0.7816711590296496,32,0.05517241379310345,0.0431266846361186,10,20,2,635,0.8557951482479784,-0.013477088948787063,0,0,0,0,580,0.03804030346413266,0.07699732183549306,453.9210807457399,284.7799110638389,1133.4418658375207,521.8428957121027,0.5348044284299819,0.8385004469171716,56.28032345013477,50,63
dev,D,0.85,0.11984897005427914,False,False,742,632,0.8517520215633423,40,0.06329113924050633,0.05390835579514825,14,24,2,635,0.8557951482479784,-0.013477088948787063,0,0,0,0,632,0.045597434402481506,0.08519037101098323,402.6808144876772,284.10540885466986,1077.5254853400943,573.0831619701653,0.5873174003108169,0.8404527358471952,61.32614555256065,55,67
dev,D,0.9,0.12519989957761207,False,False,742,665,0.8962264150943396,49,0.07368421052631578,0.0660377358490566,17,29,3,633,0.8530997304582211,-0.016172506738544475,0,0,0,0,665,0.05500605251145982,0.09624683726989319,370.79331201069505,283.8883584695999,1045.5270517221147,604.9706644471476,0.6199969245055288,0.8389722535493491,64.52830188679245,59,69
dev,D,0.95,0.13437740872606294,False,False,742,704,0.9487870619946092,60,0.08522727272727272,0.08086253369272237,17,38,5,624,0.8409703504043127,-0.02830188679245283,0,0,0,0,704,0.06566579247614591,0.10834437941531053,330.9285806957641,283.39450253006487,829.9383943317042,644.8353957620785,0.6608518159308563,0.8283617468215967,68.31266846361186,65,71
dev,D,1.0,Infinity,False,False,742,742,1.0,72,0.09703504043126684,0.09703504043126684,18,46,8,617,0.8315363881401617,-0.03773584905660377,0,0,0,0,742,0.07669915718962547,0.12063764140899545,252.08919386679403,243.88320301659405,284.5332355820574,723.6747825910485,0.741649415279797,0.821931618717496,72.0,72,72
dev,R,0.05,0.11714229392379705,False,False,742,44,0.05929919137466307,0,0.0,0.0,0,0,0,645,0.8692722371967655,0.0,0,0,0,0,44,0.0,0.08041993976357587,975.7560215439223,999.6618358997973,1251.583883716571,0.007954913920248342,8.152498055037627e-06,0.8320952703623236,4.269541778975741,1,8
dev,R,0.1,0.12736104171705365,False,False,742,80,0.1078167115902965,0,0.0,0.0,0,0,0,645,0.8692722371967655,0.0,0,0,0,0,80,0.0,0.045064035067692285,942.316350591564,995.3261400306291,1251.583883716571,33.44762586627854,0.03427839792538563,0.8333693445268707,7.762803234501348,3,13
dev,R,0.15,0.13448889633827654,False,False,742,109,0.14690026954177898,2,0.01834862385321101,0.0026954177897574125,0,2,0,643,0.866576819407008,-0.0026954177897574125,0,0,0,0,109,0.002229879315667302,0.06471185561008169,913.9662845120519,989.3301834196229,1246.9393390993732,61.797691945790646,0.06333262288501854,0.8317540835008139,10.576819407008086,5,16
dev,R,0.2,0.14059583531561914,False,False,742,136,0.18328840970350405,3,0.022058823529411766,0.004043126684636119,1,2,0,644,0.8679245283018868,-0.0013477088948787063,0,0,0,0,136,0.004572368003442361,0.06311092615953275,888.2727780314129,978.1595764710537,1245.2447548151974,87.49119842642959,0.0896643046241927,0.8340807324352119,13.19676549865229,7,20
dev,R,0.25,0.14677750415404223,True,False,742,183,0.24663072776280323,4,0.02185792349726776,0.005390835579514825,2,2,0,645,0.8692722371967655,0.0,0,0,0,0,183,0.005986913246125901,0.055016714278473135,842.907243761404,962.0743408245271,1226.2425233765434,132.85673269643863,0.1361566279365291,0.837156898983177,17.757412398921833,11,25
dev,R,0.3,0.15367244904923216,True,False,742,221,0.29784366576819404,5,0.02262443438914027,0.006738544474393531,2,3,0,644,0.8679245283018868,-0.0013477088948787063,0,0,0,0,221,0.0073859649682472,0.05200526289271008,807.4655260451461,950.4204080701509,1225.0128490274562,168.29845041269638,0.1724786469609617,0.8371595435936839,21.444743935309972,14,29
dev,R,0.35,0.1590408411246479,True,False,742,249,0.33557951482479786,5,0.020080321285140562,0.006738544474393531,2,3,0,644,0.8679245283018868,-0.0013477088948787063,0,0,0,0,249,0.0065514016597248035,0.046236043242495424,780.9774698590467,938.9332340385265,1225.0128490274562,194.78650659879602,0.19962461342946666,0.8381687565163788,24.161725067385444,17,32
dev,R,0.4,0.16532099602212336,True,True,742,291,0.3921832884097035,7,0.024054982817869417,0.009433962264150943,3,4,0,644,0.8679245283018868,-0.0013477088948787063,0,0,0,0,291,0.009724817616592078,0.048932246162769255,740.0872647259026,906.8203819621431,1220.4368294820865,235.67671173194006,0.24153044938949164,0.8397267010911744,28.237196765498652,21,36
dev,R,0.45,0.1709493339600331,False,False,742,334,0.4501347708894879,10,0.029940119760479042,0.013477088948787063,4,5,1,644,0.8679245283018868,-0.0013477088948787063,0,0,0,0,334,0.014448923557583433,0.054370352030142836,698.3273913081015,867.006193488503,1218.3828452960752,277.4365851497411,0.2843275544531518,0.841317780618009,32.40970350404313,25,40
dev,R,0.5,0.17649812580475832,False,False,742,358,0.48247978436657685,11,0.030726256983240222,0.014824797843665768,4,6,1,643,0.866576819407008,-0.0026954177897574125,0,0,0,0,358,0.015436226055624072,0.0543117433288304,674.7390603901474,795.0711211250299,1216.7923424188116,301.02491606769513,0.3085017722835567,0.8408688031445659,34.73854447439353,27,43
dev,R,0.55,0.18327371995228192,False,False,742,396,0.5336927223719676,14,0.03535353535353535,0.018867924528301886,5,8,1,642,0.8652291105121294,-0.004043126684636119,0,0,0,0,396,0.019460398485086995,0.058606283644849475,636.7369931282874,323.9209896839353,1205.0414505963638,339.0269833295551,0.3474477348100815,0.8409689988109104,38.42587601078167,31,46
dev,R,0.6,0.19074781808510477,False,False,742,441,0.5943396226415094,16,0.036281179138321996,0.0215633423180593,5,10,1,640,0.862533692722372,-0.006738544474393531,0,0,0,0,441,0.02087743423209961,0.058250826463316405,590.1171112571814,321.39573391299496,1176.6892091091065,385.6468652006613,0.395225561206525,0.8400498301693831,42.79245283018868,35,50
dev,R,0.65,0.1976087190417628,False,False,742,481,0.6482479784366577,19,0.0395010395010395,0.025606469002695417,7,11,1,641,0.8638814016172507,-0.005390835579514825,0,0,0,0,481,0.023946858752660716,0.06100018615331451,550.6792287428271,288.83692004458953,1157.3450809465198,425.0847477150155,0.4356430017616879,0.8429001491613399,46.67385444743935,39,54
dev,R,0.7,0.20524083299824047,False,False,742,527,0.7102425876010782,24,0.04554079696394687,0.03234501347708895,10,13,1,642,0.8652291105121294,-0.004043126684636119,0,0,0,0,527,0.029393482596529692,0.06700565114274003,505.7535818026185,285.5067033101785,1153.1064282559569,470.01039465522405,0.4816845118236753,0.8459595557034124,51.13746630727763,44,58
dev,R,0.75,0.21248436173756335,False,False,742,555,0.7479784366576819,29,0.05225225225225225,0.03908355795148248,10,17,2,638,0.8598382749326146,-0.009433962264150943,0,0,0,0,555,0.03526980477407676,0.07418356161602949,478.49445801612785,285.00254351692286,1148.9527445564731,497.2695184417147,0.5096206976679662,0.8416073112456237,53.8544474393531,47,60
dev,R,0.8,0.22006179553703664,False,False,742,574,0.7735849056603774,31,0.05400696864111498,0.04177897574123989,10,19,2,636,0.8571428571428571,-0.012129380053908356,0,0,0,0,574,0.036986433396290215,0.0757856146988881,460.7052357603193,284.7706909889854,1145.8864892826653,515.0587406975231,0.5278517685877862,0.8395896749004207,55.698113207547166,49,62
dev,R,0.85,0.23149812757749977,False,False,742,630,0.8490566037735849,43,0.06825396825396825,0.057951482479784364,15,25,3,635,0.8557951482479784,-0.013477088948787063,0,0,0,0,630,0.04983265810824602,0.09083938393507228,406.2692863608168,284.1566853676224,1097.2151974224391,569.4946900970258,0.5836397979810342,0.8403160126327148,61.132075471698116,55,66
dev,R,0.9,0.24333991959058865,False,False,742,671,0.9043126684636119,51,0.07600596125186289,0.06873315363881402,16,32,3,629,0.8477088948787062,-0.0215633423180593,0,0,0,0,671,0.057112143962742515,0.09872539107519673,364.5179523121874,283.8057139580749,1034.6047699734222,611.246024145655,0.6264281515746893,0.8338205134345145,65.11051212938006,60,69
dev,R,0.95,0.261719957483052,False,False,742,707,0.9528301886792453,61,0.08628005657708628,0.08221024258760108,17,38,6,624,0.8409703504043127,-0.02830188679245283,0,0,0,0,707,0.066638650276902,0.1094519177416138,326.9414380780838,283.3681385740683,329.1201116084698,648.8225383797587,0.6649379911882726,0.8285136596620906,68.60377358490565,65,72
dev,R,1.0,Infinity,False,False,742,742,1.0,72,0.09703504043126684,0.09703504043126684,18,46,8,617,0.8315363881401617,-0.03773584905660377,0,0,0,0,742,0.07669915718962547,0.12063764140899545,252.08919386679403,243.88320301659405,284.5332355820574,723.6747825910485,0.741649415279797,0.821931618717496,72.0,72,72
dev,Diff,0.05,0.013679740316734912,False,False,742,47,0.06334231805929919,0,0.0,0.0,0,0,0,645,0.8692722371967655,0.0,0,0,0,0,47,0.0,0.07548573369105858,975.2118886699809,1001.054704007061,1259.904676427553,0.5520877878615701,0.0005658005431454076,0.8321160021942173,4.560646900269542,1,9
dev,Diff,0.1,0.01757404873527646,False,False,742,87,0.11725067385444744,2,0.022988505747126436,0.0026954177897574125,1,1,0,645,0.8692722371967655,0.0,0,0,0,0,87,0.0027962410384932235,0.0805858658367696,937.0150388333644,995.416180030629,1251.079225577709,38.74893762447801,0.03971138365359826,0.8335713281037712,8.442048517520215,4,14
dev,Diff,0.15,0.020360565518235507,False,False,742,117,0.15768194070080863,2,0.017094017094017096,0.0026954177897574125,1,1,0,645,0.8692722371967655,0.0,0,0,0,0,117,0.0020769105258422343,0.06038599413672895,909.1919298007958,990.283122964238,1247.026727499373,66.57204665704666,0.06822556300829258,0.8346314074462468,11.35309973045822,6,17
dev,Diff,0.2,0.023043689898662345,False,False,742,153,0.20619946091644206,5,0.032679738562091505,0.006738544474393531,1,4,0,642,0.8652291105121294,-0.004043126684636119,0,0,0,0,153,0.010694566788078274,0.07461347309519971,872.9468071418762,972.4592399758836,1247.026727499373,102.81716931596635,0.1053709419456197,0.831969244540721,14.846361185983827,9,21
dev,Diff,0.25,0.025890845497101078,False,False,742,199,0.26819407008086255,5,0.02512562814070352,0.006738544474393531,1,4,0,642,0.8652291105121294,-0.004043126684636119,0,0,0,0,199,0.008207450931323903,0.057657805822972856,828.2452386118322,955.8651614750377,1225.1024736274562,147.51873784601042,0.15118280793837433,0.833672404648367,19.3099730458221,13,26
dev,Diff,0.3,0.028190387142774664,False,False,742,241,0.3247978436657682,6,0.024896265560165973,0.008086253369272238,2,4,0,643,0.866576819407008,-0.0026954177897574125,0,0,0,0,241,0.009190082857646144,0.053398276206453495,786.39985134162,936.3202223222212,1219.597597012978,189.36412511622265,0.19406755084732732,0.83661445120591,23.38544474393531,16,31
dev,Diff,0.35,0.031071249279197022,False,False,742,279,0.37601078167115903,7,0.025089605734767026,0.009433962264150943,2,4,1,643,0.866576819407008,-0.0026954177897574125,0,0,0,0,279,0.010145513022514081,0.05100867481214436,750.9404256286291,920.6080888405589,1218.9589527482426,224.8235508292135,0.23040771769967766,0.8379654793979927,27.07277628032345,20,35
dev,Diff,0.4,0.033016270370298306,False,False,742,308,0.41509433962264153,7,0.022727272727272728,0.009433962264150943,2,4,1,643,0.866576819407008,-0.0026954177897574125,0,0,0,0,308,0.009185243575221116,0.046264212484980506,722.9270604360341,895.4852424480387,1218.3590304993916,252.83691602180838,0.2591168787964905,0.8390328076293249,29.88679245283019,22,38
dev,Diff,0.45,0.03487732061456217,False,False,742,333,0.44878706199460916,9,0.02702702702702703,0.012129380053908356,3,5,1,643,0.866576819407008,-0.0026954177897574125,0,0,0,0,333,0.012431360834336913,0.050684054124379756,697.4117616479899,872.0320204163311,1216.8856269188116,278.3522148098525,0.28526592652078564,0.8400049578347759,32.31266846361186,25,40
dev,Diff,0.5,0.037276597307819626,False,False,742,367,0.4946091644204852,11,0.02997275204359673,0.014824797843665768,4,6,1,643,0.866576819407008,-0.0026954177897574125,0,0,0,0,367,0.015055313278555492,0.05299576612542184,664.6970194112093,738.785532303639,1206.3745080809529,311.06695704663326,0.31879323745466515,0.8412514117231257,35.61185983827493,28,43
dev,Diff,0.55,0.039738665800783224,False,False,742,404,0.5444743935309974,16,0.039603960396039604,0.0215633423180593,5,9,2,641,0.8638814016172507,-0.005390835579514825,0,0,0,0,404,0.022803650447979263,0.0635188662683598,628.6270823577289,323.34412244408645,1202.0544634231223,347.1368941001137,0.35575907952686303,0.8399302830219828,39.2021563342318,31,47
dev,Diff,0.6,0.042528707186739734,False,False,742,446,0.601078167115903,18,0.04035874439461883,0.02425876010781671,6,10,2,641,0.8638814016172507,-0.005390835579514825,0,0,0,0,446,0.02409159308303122,0.06303583303466774,587.8226914533155,321.49408051671065,1183.5537136245598,387.941285004527,0.3975769698045292,0.8414849580164068,43.277628032345014,35,51
dev,Diff,0.65,0.045363873322016635,False,False,742,479,0.6455525606469003,23,0.04801670146137787,0.03099730458221024,8,13,2,640,0.862533692722372,-0.006738544474393531,0,0,0,0,479,0.03067849903211996,0.07117991048725443,553.719936309898,319.48693437066765,1176.7803105591065,422.0440401479447,0.4325267691066262,0.841436587243904,46.479784366576816,39,54
dev,Diff,0.7,0.048391125919059474,False,False,742,521,0.7021563342318059,28,0.053742802303262956,0.03773584905660377,10,16,2,639,0.8611859838274932,-0.008086253369272238,0,0,0,0,521,0.03600511918738013,0.07673934107343997,511.3848057274624,285.7892006939976,1154.8633816881054,464.3791707303802,0.4759134195711349,0.8417018755643585,50.55525606469003,43,58
dev,Diff,0.75,0.05150182277488857,False,False,742,558,0.7520215633423181,31,0.05555555555555555,0.04177897574123989,10,19,2,636,0.8571428571428571,-0.012129380053908356,0,0,0,0,558,0.038055745677933434,0.07793278004969685,477.5885314626373,285.19814452404245,1151.463486490972,498.1754449952053,0.510549125623238,0.8389464098725626,54.1455525606469,47,61
dev,Diff,0.8,0.05495314450268218,False,False,742,590,0.7951482479784366,33,0.05593220338983051,0.0444743935309973,10,21,2,634,0.8544474393530997,-0.014824797843665768,0,0,0,0,590,0.038810255946534644,0.07765600942554973,445.7678866840361,284.6976925824016,1135.8786807980393,529.9960897738065,0.5431601315082005,0.8374633802510205,57.25067385444744,51,63
dev,Diff,0.85,0.05899105719359188,False,False,742,627,0.8450134770889488,39,0.06220095693779904,0.05256064690026954,13,24,2,634,0.8544474393530997,-0.014824797843665768,0,0,0,0,627,0.044601185166562154,0.08405284681146544,408.6971237487684,284.2003674589788,1097.308304722439,567.0668527090742,0.5811516579732784,0.8388758014851638,60.84097035040431,55,66
dev,Diff,0.9,0.06430356667521742,False,False,742,666,0.8975741239892183,52,0.07807807807807808,0.07008086253369272,17,31,4,631,0.8504043126684636,-0.018867924528301886,0,0,0,0,666,0.05885954129308892,0.10113058501559077,369.590641095053,283.90576645710394,1027.7139744845745,606.1733353627897,0.6212294673587789,0.8363226583379375,64.62533692722371,60,69
dev,Diff,0.95,0.07184769980313588,False,False,742,700,0.9433962264150944,60,0.08571428571428572,0.08086253369272237,17,37,6,625,0.8423180592991913,-0.026954177897574125,0,0,0,0,700,0.06604474617838539,0.10895556852271346,334.99253317152284,283.47399504476573,918.2554833709434,640.7714432863198,0.6566869230122722,0.8295546163682447,67.9245283018868,64,71
dev,Diff,1.0,Infinity,False,False,742,742,1.0,72,0.09703504043126684,0.09703504043126684,18,46,8,617,0.8315363881401617,-0.03773584905660377,0,0,0,0,742,0.07669915718962547,0.12063764140899545,252.08919386679403,243.88320301659405,284.5332355820574,723.6747825910485,0.741649415279797,0.821931618717496,72.0,72,72
dev,H,0.05,0.045943813183105135,False,False,742,54,0.07277628032345014,0,0.0,0.0,0,0,0,645,0.8692722371967655,0.0,0,0,0,0,54,0.0,0.06603151424442182,967.7933648982794,999.1823535573164,1258.5395627358557,7.970611559563115,0.008168585592283834,0.8323986529861487,5.2398921832884096,2,10
dev,H,0.1,0.0484861424305195,True,False,742,87,0.11725067385444744,1,0.011494252873563218,0.0013477088948787063,0,1,0,644,0.8679245283018868,-0.0013477088948787063,0,0,0,0,87,0.00029096694808025735,0.062384320254167264,936.2277368828331,994.5244299726651,1250.9798564277091,39.53623957500939,0.040518240608278425,0.8322536159476852,8.442048517520215,4,14
dev,H,0.15,0.050250763134808224,True,False,742,111,0.1495956873315364,2,0.018018018018018018,0.0026954177897574125,1,1,0,645,0.8692722371967655,0.0,0,0,0,0,111,0.002189562826466159,0.0635733246051593,915.5683757167243,992.0961159186619,1250.9798564277091,60.19560074111826,0.061690738942460834,0.8343884605280582,10.770889487870619,5,17
dev,H,0.2,0.052216939387285145,True,False,742,157,0.21159029649595687,4,0.025477707006369428,0.005390835579514825,2,2,0,645,0.8692722371967655,0.0,0,0,0,0,157,0.006984495437187877,0.0639460933865875,868.510469728923,971.7499180613981,1230.981769949227,107.25350672891953,0.10991746909766491,0.8361813986924966,15.234501347708894,9,22
dev,H,0.25,0.05362096654722128,True,True,742,192,0.2587601078167116,6,0.03125,0.008086253369272238,2,4,0,643,0.866576819407008,-0.0026954177897574125,0,0,0,0,192,0.011552862320414813,0.06677405097239729,834.4449376808332,958.3471780901107,1226.2391523265433,141.3190387770093,0.14482912075727253,0.8347839007999135,18.630727762803232,12,26
dev,H,0.3,0.05527878170826983,False,False,742,234,0.31536388140161725,6,0.02564102564102564,0.008086253369272238,2,4,0,643,0.866576819407008,-0.0026954177897574125,0,0,0,0,234,0.009466668794374359,0.05497141042068153,793.3590646017763,943.204062341887,1219.5020631629782,182.4049118560662,0.18693548466322885,0.8363493004562819,22.70619946091644,16,30
dev,H,0.35,0.05674748570779616,False,False,742,271,0.36522911051212936,6,0.02214022140221402,0.008086253369272238,2,4,0,643,0.866576819407008,-0.0026954177897574125,0,0,0,0,271,0.00816740557687277,0.0475645592980983,758.0775386145307,922.3009588173263,1219.360344351592,217.68643784331184,0.2230933331168297,0.8376935505480424,26.296495956873315,19,34
dev,H,0.4,0.05797360744743901,False,False,742,298,0.40161725067385445,7,0.02348993288590604,0.009433962264150943,2,4,1,643,0.866576819407008,-0.0026954177897574125,0,0,0,0,298,0.009495143856515415,0.04779724489637388,731.5303421122856,899.5231923565871,1218.8581457982425,244.23363434555688,0.2502999088285249,0.8387050167569311,28.91644204851752,21,37
dev,H,0.45,0.05916083866108548,False,False,742,321,0.4326145552560647,10,0.03115264797507788,0.013477088948787063,3,6,1,642,0.8652291105121294,-0.004043126684636119,0,0,0,0,321,0.015037986087514594,0.05654320805886408,710.1209499157588,880.8199005971835,1218.380199646075,265.6430265420838,0.27224106746224075,0.8381730202389809,31.148247978436657,23,39
dev,H,0.5,0.06054404428993229,False,False,742,364,0.49056603773584906,11,0.03021978021978022,0.014824797843665768,4,6,1,643,0.866576819407008,-0.0026954177897574125,0,0,0,0,364,0.015180177998828837,0.05342728266045078,667.9204169843861,752.4324442870122,1216.7892178688114,307.8435594734564,0.3154897771395198,0.8411285980873127,35.320754716981135,27,43
dev,H,0.55,0.06213846426496155,False,False,742,405,0.545822102425876,13,0.03209876543209877,0.01752021563342318,4,8,1,641,0.8638814016172507,-0.005390835579514825,0,0,0,0,405,0.017199757844802165,0.05426442681469675,628.2567543901226,323.14416396661125,1201.9613363731223,347.50722206772,0.3561386056997298,0.8399443927689539,39.299191374663074,31,47
dev,H,0.6,0.06369634690047259,False,False,742,448,0.6037735849056604,18,0.04017857142857143,0.02425876010781671,6,11,1,640,0.862533692722372,-0.006738544474393531,0,0,0,0,448,0.02398326295926779,0.06275775520031719,585.4805156633543,321.34692392407356,1183.2596626244988,390.28346079448835,0.3999773205517086,0.8402264876091636,43.471698113207545,36,51
dev,H,0.65,0.06522160496562059,False,False,742,487,0.6563342318059299,22,0.045174537987679675,0.029649595687331536,8,12,2,641,0.8638814016172507,-0.005390835579514825,0,0,0,0,487,0.028523878744951735,0.06759832540109943,546.7849567649698,314.1428269842144,1177.2241574918537,428.9790196928727,0.4396339996585297,0.8430485235674092,47.25606469002695,40,55
dev,H,0.7,0.06693927405430387,False,False,742,525,0.7075471698113207,26,0.049523809523809526,0.03504043126684636,10,14,2,641,0.8638814016172507,-0.005390835579514825,0,0,0,0,525,0.03260212789544768,0.07172442125865024,507.77993241543953,285.5579580897381,1154.7711250381053,467.98404404240307,0.47960783071870466,0.8445346414745523,50.943396226415096,44,58
dev,H,0.75,0.06869357264583029,False,False,742,560,0.7547169811320755,32,0.05714285714285714,0.0431266846361186,10,20,2,635,0.8557951482479784,-0.013477088948787063,0,0,0,0,560,0.03941030790202388,0.07971411509832556,472.7983349852438,284.94958546624935,1145.8840696326654,502.9656414725988,0.5154583009904027,0.8377812107154038,54.339622641509436,47,61
dev,H,0.8,0.07021375331710436,False,False,742,587,0.7911051212938005,32,0.054514480408858604,0.0431266846361186,10,20,2,635,0.8557951482479784,-0.013477088948787063,0,0,0,0,587,0.03758303633350635,0.07608966971102006,446.3115930471703,284.6538710941568,1123.0298950802305,529.4523834106723,0.5426029205675919,0.8387903735643566,56.95956873315364,50,63
dev,H,0.85,0.07239492941810417,False,False,742,622,0.8382749326145552,36,0.05787781350482315,0.04851752021563342,12,22,2,635,0.8557951482479784,-0.013477088948787063,0,0,0,0,622,0.04086246085524524,0.07923000666213349,413.33338405584794,284.15748744397814,1100.851055930764,562.4305924019947,0.5764002422426938,0.8400468657149147,60.35579514824798,54,66
dev,H,0.9,0.07497978205849046,False,False,742,664,0.894878706199461,51,0.07680722891566265,0.06873315363881402,17,30,4,632,0.8517520215633423,-0.01752021563342318,0,0,0,0,664,0.05771992894107259,0.09975315275635852,371.75393065133204,283.869299349367,1034.603609823422,604.0100458065103,0.6190124460211678,0.8375879444321248,64.43126684636118,59,69
dev,H,0.95,0.07908576259385748,False,False,742,704,0.9487870619946092,62,0.08806818181818182,0.08355795148247978,17,39,6,623,0.839622641509434,-0.029649595687331536,0,0,0,0,704,0.06818678261186913,0.11147868397357928,330.2275253656045,283.3746045300648,829.9174578817042,645.5364510922379,0.6615702840717937,0.8270407486107241,68.31266846361186,65,71
dev,H,1.0,Infinity,False,False,742,742,1.0,72,0.09703504043126684,0.09703504043126684,18,46,8,617,0.8315363881401617,-0.03773584905660377,0,0,0,0,742,0.07669915718962547,0.12063764140899545,252.08919386679403,243.88320301659405,284.5332355820574,723.6747825910485,0.741649415279797,0.821931618717496,72.0,72,72
dev,Random,0.05,0.05,False,False,742,47,0.06334231805929919,4,0.0851063829787234,0.005390835579514825,1,3,0,643,0.866576819407008,-0.0026954177897574125,0,0,0,0,47,0.023677092103897728,0.2037926964125336,930.5021078639147,958.8077289494913,1219.0887867527513,45.26186859392777,0.04638608278841629,0.8311240574053974,4.560646900269542,1,9
dev,Random,0.1,0.1,False,False,742,90,0.12129380053908356,6,0.06666666666666667,0.008086253369272238,1,3,2,643,0.866576819407008,-0.0026954177897574125,0,0,0,0,90,0.024856666279034968,0.13947569948479666,887.679143144762,952.7216725390072,1188.8094109673157,88.08483331308052,0.09027268421287757,0.8327556414325167,8.733153638814017,4,14
dev,Random,0.15,0.15,False,False,742,127,0.1711590296495957,7,0.05511811023622047,0.009433962264150943,1,4,2,642,0.8652291105121294,-0.004043126684636119,0,0,0,0,127,0.022444751352238373,0.11026813925997554,850.9054085025316,936.1671679454405,1186.04504588742,124.8585679553109,0.12795980479681643,0.8328090367921723,12.323450134770889,7,18
dev,Random,0.2,0.2,False,False,742,171,0.23045822102425875,9,0.05263157894736842,0.012129380053908356,1,6,2,640,0.862533692722372,-0.006738544474393531,0,0,0,0,171,0.024345851618600867,0.09755762272230854,808.3081927301913,920.2969229711733,1180.0314541672196,167.45578372765124,0.17161505012261138,0.831736601841406,16.59299191374663,10,23
dev,Random,0.25,0.25,False,False,742,207,0.27897574123989216,17,0.0821256038647343,0.022911051212938006,4,10,3,639,0.8611859838274932,-0.008086253369272238,0,0,0,0,207,0.04856875256086189,0.1282353046976089,771.9943688760221,909.0737651193319,1170.834294148044,203.76960758182037,0.2088308366553273,0.8317724742878159,20.086253369272235,13,27
dev,Random,0.3,0.3,False,False,742,245,0.330188679245283,18,0.07346938775510205,0.02425876010781671,5,10,3,640,0.862533692722372,-0.006738544474393531,0,0,0,0,245,0.04412156296927879,0.11362935823118919,734.8675767679167,888.7197495636278,1167.5752031150346,240.89639968992577,0.2468797839457169,0.8345347391663598,23.77358490566038,16,31
dev,Random,0.35,0.35,False,False,742,293,0.3948787061994609,25,0.08532423208191127,0.03369272237196765,8,13,4,640,0.862533692722372,-0.006738544474393531,0,0,0,0,293,0.05597833837574065,0.12337840698680658,689.4310860347554,862.4162214841181,1150.1757157502498,286.3328904230872,0.2934448261376844,0.8362659003088628,28.431266846361186,21,36
dev,Random,0.4,0.4,False,False,742,327,0.44070080862533695,28,0.0856269113149847,0.03773584905660377,9,15,4,639,0.8611859838274932,-0.008086253369272238,0,0,0,0,327,0.05765234082903598,0.1213764422974676,654.615368265074,830.9194974147767,1134.7493994973283,321.1486081927685,0.329125296630218,0.8362446938964311,31.730458221024257,24,40
dev,Random,0.45,0.45,False,False,742,369,0.4973045822102426,35,0.0948509485094851,0.04716981132075472,10,20,5,635,0.8557951482479784,-0.013477088948787063,0,0,0,0,369,0.06695866753801423,0.1294434720281979,613.2482551379845,416.521643059209,1126.7605924109257,362.515721319858,0.3715198860239132,0.8324299734100408,35.80592991913747,28,44
dev,Random,0.5,0.5,False,False,742,406,0.5471698113207547,41,0.10098522167487685,0.05525606469002695,11,24,6,632,0.8517520215633423,-0.01752021563342318,0,0,0,0,406,0.07344751290993913,0.13449919917029893,577.7544818075698,283.2599090633751,1126.0276498136584,398.00949465027264,0.40789525361973483,0.8297391835850287,39.39622641509434,32,47
dev,Random,0.55,0.55,False,False,742,432,0.5822102425876011,43,0.09953703703703703,0.057951482479784364,12,25,6,632,0.8517520215633423,-0.01752021563342318,0,0,0,0,432,0.07297532966373331,0.1317301002522819,552.0202360828423,282.12531448673667,1115.2730901091925,423.7437403750003,0.4342686864842545,0.8307196758174044,41.919137466307276,34,50
dev,Random,0.6,0.6,False,False,742,469,0.6320754716981132,46,0.09808102345415778,0.06199460916442048,13,27,6,631,0.8504043126684636,-0.018867924528301886,0,0,0,0,469,0.07270494583047357,0.12865581473701124,515.925350089982,249.44749952183594,1109.6810835383428,459.8386263678605,0.47126009717753464,0.8307472065826677,45.50943396226415,38,53
dev,Random,0.65,0.65,False,False,742,495,0.6671159029649596,48,0.09696969696969697,0.0646900269541779,14,28,6,631,0.8504043126684636,-0.018867924528301886,0,0,0,0,495,0.07236523387737571,0.12650917418977944,490.4523256706313,246.87400343011456,1104.770432735333,485.31165078721125,0.497365820522458,0.8317177461059725,48.03234501347709,40,55
dev,Random,0.7,0.7,False,False,742,529,0.7129380053908356,49,0.09262759924385633,0.0660377358490566,15,28,6,632,0.8517520215633423,-0.01752021563342318,0,0,0,0,529,0.06931250538336699,0.12060841936460164,457.81738793245745,245.84807804484248,1088.9159591654934,517.9465885253851,0.5308113447737663,0.834308868283627,51.33153638814016,44,58
dev,Random,0.75,0.75,False,False,742,562,0.7574123989218329,52,0.09252669039145907,0.07008086253369272,15,31,6,629,0.8477088948787062,-0.0215633423180593,0,0,0,0,562,0.06987565919870377,0.11956536712993894,425.227948478215,245.3638484953125,1078.8083173749123,550.5360279796275,0.5642102406548651,0.8315074213662613,54.53369272237197,48,61
dev,Random,0.8,0.8,False,False,742,590,0.7951482479784366,56,0.09491525423728814,0.07547169811320754,16,34,6,627,0.8450134770889488,-0.02425876010781671,0,0,0,0,590,0.07249524434179007,0.12148417564579572,398.1815921208144,245.08433095331554,1058.1568158113585,577.5823843370282,0.5919283743531214,0.8298424881147399,57.25067385444744,51,63
dev,Random,0.85,0.85,False,False,742,623,0.839622641509434,59,0.09470304975922954,0.07951482479784366,17,36,6,626,0.8436657681940701,-0.025606469002695417,0,0,0,0,623,0.07287457032313124,0.12045884518935464,366.8489878528586,244.87162845170388,1033.3479461007064,608.9149886049839,0.6240392177782881,0.8296885727133038,60.45283018867924,54,66
dev,Random,0.9,0.9,False,False,742,658,0.8867924528301887,64,0.0972644376899696,0.0862533692722372,18,39,7,624,0.8409703504043127,-0.02830188679245283,0,0,0,0,658,0.07571229162331473,0.12250594538866151,331.54455563576175,244.59275139246893,969.5852660087119,644.2194208220808,0.6602205414066278,0.8283382777582146,63.84905660377358,59,69
dev,Random,0.95,0.95,False,False,742,699,0.9420485175202157,68,0.09728183118741059,0.09164420485175202,18,42,8,621,0.8369272237196765,-0.03234501347708895,0,0,0,0,699,0.07633594717366957,0.12169674669033602,293.09111485828123,244.2677850927623,839.8886558060601,682.6728615995614,0.6996290886631804,0.8257602532721716,67.82749326145553,64,71
dev,Random,1.0,1.0,False,False,742,742,1.0,72,0.09703504043126684,0.09703504043126684,18,46,8,617,0.8315363881401617,-0.03773584905660377,0,0,0,0,742,0.07669915718962547,0.12063764140899545,252.08919386679403,243.88320301659405,284.5332355820574,723.6747825910485,0.741649415279797,0.821931618717496,72.0,72,72
