pair,dataset,reference,policy,q,N_rows,N_groups,N,n_R,coverage,changed,conditional_risk,marginal_change,correct,accuracy,reference_correct,accuracy_diff_reference,best_fixed_correct,accuracy_diff_best_fixed,benefit,harm,neutral_change,risk_CP95_low,risk_CP95_high,c_ref_train_R_ms,reference_ms,action_ms,gross_saving_ms,probe_selector_ms,total_ms,net_saving_ms,U,delta_U,deployable,cost_identity
large,obqa,T,Fixed_R,,128,128,128,128,1.0,12,0.09375,0.09375,104,0.8125,113,-0.0703125,113,-0.0703125,1,10,1,0.04938549596533647,0.158036366525835,252.35370575390624,993.8901472421874,254.514272515625,739.3758747265625,0.0,254.514272515625,739.3758747265625,0.8024143833947172,-0.041013311683439385,True,component recomposition on original128 same-job action panel
large,obqa,T,Fixed_reference,,128,128,128,0,0.0,0,,0.0,113,0.8828125,113,0.0,113,0.0,0,0,0,,,252.35370575390624,993.8901472421874,993.8901472421874,0.0,0.0,993.8901472421874,0.0,0.8434276950781566,0.0,True,component recomposition on original128 same-job action panel
large,obqa,T,ProbeMax,0.8,128,128,128,97,0.7578125,3,0.030927835051546393,0.0234375,112,0.875,113,-0.0078125,113,-0.0078125,1,2,0,0.006424047453155549,0.08773178214043566,252.35370575390624,993.8901472421874,431.633079890625,562.2570673515625,43.36625137315608,474.9993312637811,518.8908159784064,0.8561772397062797,0.012749544628123097,True,component recomposition on original128 same-job action panel
large,obqa,T,Posthoc_agreement_no_probe,,128,128,128,116,0.90625,0,0.0,0.0,113,0.8828125,113,0.0,113,0.0,0,0,0,0.0,0.03130036074328996,252.35370575390624,993.8901472421874,327.3243914140626,666.565755828125,0.0,327.3243914140626,666.565755828125,0.8698416426695644,0.026413947591407902,False,component recomposition on original128 same-job action panel
large,obqa,T,Posthoc_agreement_with_probe,,128,128,128,116,0.90625,0,0.0,0.0,113,0.8828125,113,0.0,113,0.0,0,0,0,0.0,0.03130036074328996,252.35370575390624,993.8901472421874,327.3243914140626,666.565755828125,43.36625137315608,370.69064278721856,623.1995044549689,0.8681231717145372,0.024695476636380727,False,component recomposition on original128 same-job action panel
large,obqa,C,Fixed_R,,128,128,128,128,1.0,13,0.1015625,0.1015625,104,0.8125,101,0.0234375,113,-0.0703125,6,3,4,0.05519549558146692,0.16741231636864182,252.35370575390624,347.017202890625,254.514272515625,92.502930375,0.0,254.514272515625,92.502930375,0.8024143833947172,0.027103106181555675,True,component recomposition on original128 same-job action panel
large,obqa,C,Fixed_reference,,128,128,128,0,0.0,0,,0.0,101,0.7890625,101,0.0,113,-0.09375,0,0,0,,,252.35370575390624,347.017202890625,347.017202890625,0.0,0.0,347.017202890625,0.0,0.7753112772131616,0.0,True,component recomposition on original128 same-job action panel
large,obqa,C,ProbeMax,0.8,128,128,128,97,0.7578125,2,0.020618556701030927,0.015625,102,0.796875,101,0.0078125,113,-0.0859375,1,0,1,0.002506829763817272,0.07250214992639115,252.35370575390624,347.017202890625,275.476127890625,71.541075,43.36630274815607,318.842430638781,28.174772251843926,0.7842402566469655,0.008928979433803901,True,component recomposition on original128 same-job action panel
large,obqa,C,Posthoc_agreement_no_probe,,128,128,128,115,0.8984375,0,0.0,0.0,101,0.7890625,101,0.0,113,-0.09375,0,0,0,0.0,0.03156819598824707,252.35370575390624,347.017202890625,263.7139096796875,83.30329321093751,0.0,263.7139096796875,83.30329321093751,0.7786123301127839,0.0033010528996223363,False,component recomposition on original128 same-job action panel
large,obqa,C,Posthoc_agreement_with_probe,,128,128,128,115,0.8984375,0,0.0,0.0,101,0.7890625,101,0.0,113,-0.09375,0,0,0,0.0,0.03156819598824707,252.35370575390624,347.017202890625,263.7139096796875,83.30329321093751,43.36630274815607,307.08021242784355,39.936990462781424,0.7768938571219237,0.0015825799087621668,False,component recomposition on original128 same-job action panel
large,arc,T,Fixed_R,,128,128,128,128,1.0,7,0.0546875,0.0546875,115,0.8984375,117,-0.015625,117,-0.015625,2,4,1,0.022267145809923405,0.10943205156825679,266.9407253203125,1060.6606055078125,266.6171222734375,794.043483234375,0.0,266.6171222734375,794.043483234375,0.8884496226555629,0.014121060001956297,True,component recomposition on original128 same-job action panel
large,arc,T,Fixed_reference,,128,128,128,0,0.0,0,,0.0,117,0.9140625,117,0.0,117,0.0,0,0,0,,,266.9407253203125,1060.6606055078125,1060.6606055078125,0.0,0.0,1060.6606055078125,0.0,0.8743285626536065,0.0,True,component recomposition on original128 same-job action panel
large,arc,T,ProbeMax,0.95,128,128,128,120,0.9375,3,0.025,0.0234375,117,0.9140625,117,0.0,117,0.0,1,1,1,0.005185574958321362,0.07132319415690505,266.9407253203125,1060.6606055078125,320.462952046875,740.1976534609375,43.06721212112499,363.530164168,697.1304413398125,0.9004441147299448,0.026115552076338252,True,component recomposition on original128 same-job action panel
large,arc,T,Posthoc_agreement_no_probe,,128,128,128,121,0.9453125,0,0.0,0.0,117,0.9140625,117,0.0,117,0.0,0,0,0,0.0,0.030026577222757825,266.9407253203125,1060.6606055078125,310.757863265625,749.9027422421875,0.0,310.757863265625,749.9027422421875,0.9024210442838393,0.02809248163023271,False,component recomposition on original128 same-job action panel
large,arc,T,Posthoc_agreement_with_probe,,128,128,128,121,0.9453125,0,0.0,0.0,117,0.9140625,117,0.0,117,0.0,0,0,0,0.0,0.030026577222757825,266.9407253203125,1060.6606055078125,310.757863265625,749.9027422421875,43.06721212112499,353.82507538675,706.8355301210626,0.900807681913993,0.026479119260386492,False,component recomposition on original128 same-job action panel
large,arc,C,Fixed_R,,128,128,128,128,1.0,8,0.0625,0.0625,115,0.8984375,114,0.0078125,117,-0.015625,4,3,1,0.02736668488637083,0.119436783393854,266.9407253203125,422.5938222109375,266.6171222734375,155.97669993750003,0.0,266.6171222734375,155.97669993750003,0.8884496226555629,0.013655621155467658,True,component recomposition on original128 same-job action panel
large,arc,C,Fixed_reference,,128,128,128,0,0.0,0,,0.0,114,0.890625,114,0.0,117,-0.0234375,0,0,0,,,266.9407253203125,422.5938222109375,422.5938222109375,0.0,0.0,422.5938222109375,0.0,0.8747940015000951,0.0,True,component recomposition on original128 same-job action panel
large,arc,C,ProbeMax,0.9,128,128,128,115,0.8984375,3,0.02608695652173913,0.0234375,115,0.8984375,114,0.0078125,117,-0.015625,2,1,0,0.005412409027897048,0.0743462344101989,266.9407253203125,422.5938222109375,278.3288260078125,144.264996203125,43.066991332062486,321.39581733987495,101.19800487106252,0.8863975305665529,0.011603529066457771,True,component recomposition on original128 same-job action panel
large,arc,C,Posthoc_agreement_no_probe,,128,128,128,120,0.9375,0,0.0,0.0,114,0.890625,114,0.0,117,-0.0234375,0,0,0,0.0,0.03027297257742007,266.9407253203125,422.5938222109375,272.33978557031253,150.254036640625,0.0,272.33978557031253,150.254036640625,0.8804227431040723,0.005628741603977035,False,component recomposition on original128 same-job action panel
large,arc,C,Posthoc_agreement_with_probe,,128,128,128,120,0.9375,0,0.0,0.0,114,0.890625,114,0.0,117,-0.0234375,0,0,0,0.0,0.03027297257742007,266.9407253203125,422.5938222109375,272.33978557031253,150.254036640625,43.066991332062486,315.406776902375,107.18704530856252,0.8788093890053155,0.004015387505220293,False,component recomposition on original128 same-job action panel
small,obqa,T,Fixed_R,,128,128,128,128,1.0,49,0.3828125,0.3828125,56,0.4375,66,-0.078125,66,-0.078125,11,21,17,0.2983305472479323,0.4728471243966063,319.45334146875,899.4116217734374,295.2237855390625,604.187836234375,0.0,295.2237855390625,604.187836234375,0.428258469321945,-0.059211820583672664,True,component recomposition on original128 same-job action panel
small,obqa,T,Fixed_reference,,128,128,128,0,0.0,0,,0.0,66,0.515625,66,0.0,66,0.0,0,0,0,,,319.45334146875,899.4116217734374,899.4116217734374,0.0,0.0,899.4116217734374,0.0,0.4874702899056177,0.0,True,component recomposition on original128 same-job action panel
small,obqa,T,ProbeMax,0.0,128,128,128,0,0.0,0,,0.0,66,0.515625,66,0.0,66,0.0,0,0,0,,,319.45334146875,899.4116217734374,899.4116217734374,0.0,0.0,899.4116217734374,0.0,0.4874702899056177,0.0,True,component recomposition on original128 same-job action panel
small,obqa,T,Posthoc_agreement_no_probe,,128,128,128,79,0.6171875,0,0.0,0.0,66,0.515625,66,0.0,66,0.0,0,0,0,0.0,0.045621252758611106,319.45334146875,899.4116217734374,517.877308765625,381.5343130078125,0.0,517.877308765625,381.5343130078125,0.49941364010673417,0.011943350201116476,False,component recomposition on original128 same-job action panel
small,obqa,T,Posthoc_agreement_with_probe,,128,128,128,79,0.6171875,0,0.0,0.0,66,0.515625,66,0.0,66,0.0,0,0,0,0.0,0.045621252758611106,319.45334146875,899.4116217734374,517.877308765625,381.5343130078125,32.8791690317948,550.7564777974198,348.6551439760177,0.49838440782884885,0.010914117923231183,False,component recomposition on original128 same-job action panel
small,obqa,C,Fixed_R,,128,128,128,128,1.0,58,0.453125,0.453125,56,0.4375,66,-0.078125,66,-0.078125,12,22,24,0.3649842987290562,0.5434839394656265,319.45334146875,361.868204640625,295.2237855390625,66.6444191015625,0.0,295.2237855390625,66.6444191015625,0.428258469321945,-0.0760387980277448,True,component recomposition on original128 same-job action panel
small,obqa,C,Fixed_reference,,128,128,128,0,0.0,0,,0.0,66,0.515625,66,0.0,66,0.0,0,0,0,,,319.45334146875,361.868204640625,361.868204640625,0.0,0.0,361.868204640625,0.0,0.5042972673496898,0.0,True,component recomposition on original128 same-job action panel
small,obqa,C,ProbeMax,0.0,128,128,128,0,0.0,0,,0.0,66,0.515625,66,0.0,66,0.0,0,0,0,,,319.45334146875,361.868204640625,361.868204640625,0.0,0.0,361.868204640625,0.0,0.5042972673496898,0.0,True,component recomposition on original128 same-job action panel
small,obqa,C,Posthoc_agreement_no_probe,,128,128,128,70,0.546875,0,0.0,0.0,66,0.515625,66,0.0,66,0.0,0,0,0,0.0,0.05133379715102374,319.45334146875,361.868204640625,332.3753686953125,29.492835945312503,0.0,332.3753686953125,29.492835945312503,0.5052204956311569,0.0009232282814671219,False,component recomposition on original128 same-job action panel
small,obqa,C,Posthoc_agreement_with_probe,,128,128,128,70,0.546875,0,0.0,0.0,66,0.515625,66,0.0,66,0.0,0,0,0,0.0,0.05133379715102374,319.45334146875,361.868204640625,332.3753686953125,29.492835945312503,32.87909860991981,365.2544673052323,-3.386262664607308,0.5041912655577211,-0.00010600179196868935,False,component recomposition on original128 same-job action panel
small,arc,T,Fixed_R,,128,128,128,128,1.0,63,0.4921875,0.4921875,48,0.375,51,-0.0234375,62,-0.109375,15,18,30,0.4027587618584646,0.5819858606493586,341.14639092187497,1204.8778762031252,340.99512340625,863.8827527968749,0.0,340.99512340625,863.8827527968749,0.36500443409397404,0.001885433959887925,True,component recomposition on original128 same-job action panel
small,arc,T,Fixed_reference,,128,128,128,0,0.0,0,,0.0,51,0.3984375,51,0.0,62,-0.0859375,0,0,0,,,341.14639092187497,1204.8778762031252,1204.8778762031252,0.0,0.0,1204.8778762031252,0.0,0.36311900013408616,0.0,True,component recomposition on original128 same-job action panel
small,arc,T,ProbeMax,0.0,128,128,128,0,0.0,0,,0.0,51,0.3984375,51,0.0,62,-0.0859375,0,0,0,,,341.14639092187497,1204.8778762031252,1204.8778762031252,0.0,0.0,1204.8778762031252,0.0,0.36311900013408616,0.0,True,component recomposition on original128 same-job action panel
small,arc,T,Posthoc_agreement_no_probe,,128,128,128,65,0.5078125,0,0.0,0.0,51,0.3984375,51,0.0,62,-0.0859375,0,0,0,0.0,0.055171634318813376,341.14639092187497,1204.8778762031252,759.5005697265625,445.37730647656247,0.0,759.5005697265625,445.37730647656247,0.3761743135809916,0.013055313446905473,False,component recomposition on original128 same-job action panel
small,arc,T,Posthoc_agreement_with_probe,,128,128,128,65,0.5078125,0,0.0,0.0,51,0.3984375,51,0.0,62,-0.0859375,0,0,0,0.0,0.055171634318813376,341.14639092187497,1204.8778762031252,759.5005697265625,445.37730647656247,32.849480645796575,792.350050372359,412.527825830766,0.37521139908094286,0.012092398946856743,False,component recomposition on original128 same-job action panel
small,arc,C,Fixed_R,,128,128,128,128,1.0,70,0.546875,0.546875,48,0.375,62,-0.109375,62,-0.109375,13,27,30,0.4565160605343735,0.6350157012709438,341.14639092187497,440.064044171875,340.99512340625,99.06892076562501,0.0,340.99512340625,99.06892076562501,0.36500443409397404,-0.10647099974081764,True,component recomposition on original128 same-job action panel
small,arc,C,Fixed_reference,,128,128,128,0,0.0,0,,0.0,62,0.484375,62,0.0,62,0.0,0,0,0,,,341.14639092187497,440.064044171875,440.064044171875,0.0,0.0,440.064044171875,0.0,0.4714754338347916,0.0,True,component recomposition on original128 same-job action panel
small,arc,C,ProbeMax,0.0,128,128,128,0,0.0,0,,0.0,62,0.484375,62,0.0,62,0.0,0,0,0,,,341.14639092187497,440.064044171875,440.064044171875,0.0,0.0,440.064044171875,0.0,0.4714754338347916,0.0,True,component recomposition on original128 same-job action panel
small,arc,C,Posthoc_agreement_no_probe,,128,128,128,58,0.453125,0,0.0,0.0,62,0.484375,62,0.0,62,0.0,0,0,0,0.0,0.061621008903919826,341.14639092187497,440.064044171875,410.1780152734375,29.8860288984375,0.0,410.1780152734375,29.8860288984375,0.47235148088361656,0.0008760470488249023,False,component recomposition on original128 same-job action panel
small,arc,C,Posthoc_agreement_with_probe,,128,128,128,58,0.453125,0,0.0,0.0,62,0.484375,62,0.0,62,0.0,0,0,0,0.0,0.061621008903919826,341.14639092187497,440.064044171875,410.1780152734375,29.8860288984375,32.84947797392157,443.0274932473591,-2.963449075484072,0.4713885664618883,-8.686737290334344e-05,False,component recomposition on original128 same-job action panel
