task,id,panel_ordinal,route,q,threshold,fixed_C2C_ms,policy_ms,saving_ms,gold,fixed_C2C_answer,policy_answer,fixed_C2C_correct,policy_correct,accuracy_difference,fixed_C2C_invalid,policy_invalid,online_probe_ms,selector_ms,probe_selector_ms,first_formal_request_pair,fixed_record_key,policy_record_key
obqa,9-782,0,C,0.55,1.3113021850585938e-06,3269.2359229549766,813.7545411009341,2455.4813818540424,A,A,A,1,1,0,False,False,475.7676220033318,0.0008810311555862427,475.76850303448737,True,obqa|9-782|fixed_C,obqa|9-782|policy_C
obqa,14-290,1,R,0.55,1.3113021850585938e-06,431.483400054276,275.1710161101073,156.3123839441687,A,A,A,1,1,0,False,False,33.24796189554036,0.0004109460860490799,33.248372841626406,False,obqa|14-290|fixed_C,obqa|14-290|policy_C
obqa,13-823,2,C,0.55,1.3113021850585938e-06,382.23418197594583,371.9438149128109,10.290367063134909,D,D,D,1,1,0,False,False,33.51247310638428,0.0004409812390804291,33.51291408762336,False,obqa|13-823|fixed_C,obqa|13-823|policy_C
obqa,12-745,3,C,0.55,1.3113021850585938e-06,338.33337598480284,438.16528003662825,-99.8319040518254,D,A,A,0,0,0,False,False,33.993314020335674,0.00048102810978889465,33.99379504844546,False,obqa|12-745|fixed_C,obqa|12-745|policy_C
obqa,14-245,4,C,0.55,1.3113021850585938e-06,336.30915987305343,369.32950210757554,-33.020342234522104,D,D,D,1,1,0,False,False,33.08281977660954,0.00045122578740119934,33.08327100239694,False,obqa|14-245|fixed_C,obqa|14-245|policy_C
obqa,12-721,5,C,0.55,1.3113021850585938e-06,336.4111641421914,369.27839484997094,-32.86723070777953,A,A,A,1,1,0,False,False,33.0936701502651,0.00047101639211177826,33.09414116665721,False,obqa|12-721|fixed_C,obqa|12-721|policy_C
obqa,11-642,6,C,0.55,1.3113021850585938e-06,340.45776003040373,371.508790878579,-31.051030848175287,A,A,A,1,1,0,False,False,33.470184076577425,0.0004409812390804291,33.470625057816505,False,obqa|11-642|fixed_C,obqa|11-642|policy_C
obqa,12-577,7,C,0.55,1.3113021850585938e-06,432.82744591124356,467.34466403722763,-34.51721812598407,C,INVALID,INVALID,0,0,0,True,True,33.60174293629825,0.0004200264811515808,33.6021629627794,False,obqa|12-577|fixed_C,obqa|12-577|policy_C
obqa,14-1215,8,R,0.55,1.3113021850585938e-06,398.6473579425365,255.7511730119586,142.89618493057787,A,A,A,1,1,0,False,False,33.21698307991028,0.0004209578037261963,33.217404037714005,False,obqa|14-1215|fixed_C,obqa|14-1215|policy_C
obqa,12-488,9,R,0.55,1.3113021850585938e-06,340.33953701145947,258.2665791269392,82.07295788452029,C,C,C,1,1,0,False,False,33.756155986338854,0.0004100147634744644,33.75656600110233,False,obqa|12-488|fixed_C,obqa|12-488|policy_C
obqa,9-892,10,C,0.55,1.3113021850585938e-06,399.0146240685135,431.3079370185733,-32.29331295005977,C,B,B,0,0,0,False,False,33.121092012152076,0.0004300381988286972,33.121522050350904,False,obqa|9-892|fixed_C,obqa|9-892|policy_C
obqa,1683,11,R,0.55,1.3113021850585938e-06,463.90187088400126,224.42531189881265,239.4765589851886,B,B,B,1,1,0,False,False,33.27247896231711,0.00037997961044311523,33.27285894192755,False,obqa|1683|fixed_C,obqa|1683|policy_C
obqa,11-744,12,C,0.55,1.3113021850585938e-06,430.587031878531,462.5894748605788,-32.002442982047796,C,C,C,1,1,0,False,False,33.17056596279144,0.0004109460860490799,33.17097690887749,False,obqa|11-744|fixed_C,obqa|11-744|policy_C
obqa,12-428,13,R,0.55,1.3113021850585938e-06,335.8717621304095,98.37721800431609,237.4945441260934,B,A,A,0,0,0,False,False,33.13962696120143,0.00042119063436985016,33.1400481518358,False,obqa|12-428|fixed_C,obqa|12-428|policy_C
obqa,10-443,14,C,0.55,1.3113021850585938e-06,366.7760940734297,398.9771930500865,-32.201098976656795,A,B,B,0,0,0,False,False,32.931953901425004,0.00038999132812023163,32.932343892753124,False,obqa|10-443|fixed_C,obqa|10-443|policy_C
obqa,14-676,15,C,0.55,1.3113021850585938e-06,335.92296787537634,368.9698111265898,-33.04684325121343,B,A,A,0,0,0,False,False,33.470313996076584,0.00037997961044311523,33.47069397568703,False,obqa|14-676|fixed_C,obqa|14-676|policy_C
obqa,14-129,16,C,0.55,1.3113021850585938e-06,430.2566258702427,464.3285199999809,-34.07189412973821,D,C,C,0,0,0,False,False,33.05727103725076,0.0004209578037261963,33.05769199505448,False,obqa|14-129|fixed_C,obqa|14-129|policy_C
obqa,7-321,17,C,0.55,1.3113021850585938e-06,335.9342999756336,370.2082671225071,-34.273967146873474,C,C,C,1,1,0,False,False,33.4097589366138,0.0004100147634744644,33.41016895137727,False,obqa|7-321|fixed_C,obqa|7-321|policy_C
obqa,13-462,18,C,0.55,1.3113021850585938e-06,336.7872559465468,369.04079490341246,-32.25353895686567,D,D,D,1,1,0,False,False,33.16089790314436,0.0004300381988286972,33.16132794134319,False,obqa|13-462|fixed_C,obqa|13-462|policy_C
obqa,7-455,19,R,0.55,1.3113021850585938e-06,336.18235983885825,255.13382302597165,81.0485368128866,A,A,A,1,1,0,False,False,33.200893085449934,0.0005310866981744766,33.20142417214811,False,obqa|7-455|fixed_C,obqa|7-455|policy_C
obqa,10-677,20,C,0.55,1.3113021850585938e-06,463.8031139038503,495.9689471870661,-32.16583328321576,B,A,A,0,0,0,False,False,33.41212309896946,0.00046100467443466187,33.412584103643894,False,obqa|10-677|fixed_C,obqa|10-677|policy_C
obqa,13-944,21,C,0.55,1.3113021850585938e-06,399.64502886869013,433.90805390663445,-34.26302503794432,C,A,A,0,0,0,False,False,33.086888026446104,0.0005310866981744766,33.08741911314428,False,obqa|13-944|fixed_C,obqa|13-944|policy_C
obqa,14-1171,22,C,0.55,1.3113021850585938e-06,399.49655695818365,431.5284248441458,-32.03186788596213,C,A,A,0,0,0,False,False,33.10939995571971,0.0004600733518600464,33.10986002907157,False,obqa|14-1171|fixed_C,obqa|14-1171|policy_C
obqa,10-973,23,R,0.55,1.3113021850585938e-06,340.1290378533304,258.22474993765354,81.90428791567683,C,C,C,1,1,0,False,False,33.768449211493134,0.0005208421498537064,33.76897005364299,False,obqa|10-973|fixed_C,obqa|10-973|policy_C
obqa,14-109,24,C,0.55,1.3113021850585938e-06,339.7719110362232,371.35584000498056,-31.58392896875739,C,A,A,0,0,0,False,False,33.40401710011065,0.0003809109330177307,33.40439801104367,False,obqa|14-109|fixed_C,obqa|14-109|policy_C
obqa,13-42,25,C,0.55,1.3113021850585938e-06,336.2898931372911,370.34492497332394,-34.05503183603287,D,B,B,0,0,0,False,False,33.34860294125974,0.0003909226506948471,33.34899386391044,False,obqa|13-42|fixed_C,obqa|13-42|policy_C
obqa,10-702,26,C,0.55,1.3113021850585938e-06,526.3735009357333,558.0507880076766,-31.677287071943283,D,A,A,0,0,0,False,False,33.295934088528156,0.0004598405212163925,33.29639392904937,False,obqa|10-702|fixed_C,obqa|10-702|policy_C
obqa,14-1445,27,C,0.55,1.3113021850585938e-06,399.2920790333301,432.65546998009086,-33.363390946760774,B,A,A,0,0,0,False,False,33.197956858202815,0.00042119063436985016,33.198378048837185,False,obqa|14-1445|fixed_C,obqa|14-1445|policy_C
obqa,7-1076,28,C,0.55,1.3113021850585938e-06,339.8436268325895,369.1277999896556,-29.284173157066107,B,B,B,1,1,0,False,False,32.83074195496738,0.0004409812390804291,32.83118293620646,False,obqa|7-1076|fixed_C,obqa|7-1076|policy_C
obqa,7-26,29,R,0.55,1.3113021850585938e-06,334.7354179713875,255.45563292689621,79.27978504449129,D,D,D,1,1,0,False,False,33.24386500753462,0.00042119063436985016,33.24428619816899,False,obqa|7-26|fixed_C,obqa|7-26|policy_C
obqa,12-1083,30,R,0.55,1.3113021850585938e-06,466.460739960894,256.411864887923,210.048875072971,D,D,D,1,1,0,False,False,33.4352171048522,0.0004309695214033127,33.4356480743736,False,obqa|12-1083|fixed_C,obqa|12-1083|policy_C
obqa,12-105,31,C,0.55,1.3113021850585938e-06,335.41941503062844,368.2782200630754,-32.85880503244698,D,B,B,0,0,0,False,False,32.81276812776923,0.0004600733518600464,32.81322820112109,False,obqa|12-105|fixed_C,obqa|12-105|policy_C
obqa,1341,32,R,0.55,1.3113021850585938e-06,337.2862411197275,254.2901849374175,82.99605618230999,B,B,B,1,1,0,False,False,32.98065601848066,0.00042119063436985016,32.98107720911503,False,obqa|1341|fixed_C,obqa|1341|policy_C
obqa,14-671,33,C,0.55,1.3113021850585938e-06,338.03512109443545,369.99738798476756,-31.962266890332103,C,C,C,1,1,0,False,False,33.272017957642674,0.00046100467443466187,33.27247896231711,False,obqa|14-671|fixed_C,obqa|14-671|policy_C
obqa,11-176,34,R,0.55,1.3113021850585938e-06,337.1962320525199,256.2894830480218,80.90674900449812,C,C,C,1,1,0,False,False,33.412544056773186,0.0005408655852079391,33.413084922358394,False,obqa|11-176|fixed_C,obqa|11-176|policy_C
obqa,9-695,35,R,0.55,1.3113021850585938e-06,434.34046278707683,316.8737180531025,117.46674473397434,A,B,B,0,0,0,False,False,32.906836131587625,0.00045099295675754547,32.90728712454438,False,obqa|9-695|fixed_C,obqa|9-695|policy_C
obqa,9-985,36,R,0.55,1.3113021850585938e-06,336.76472399383783,256.0301008634269,80.73462313041091,D,A,A,0,0,0,False,False,33.086937852203846,0.0004309695214033127,33.08736882172525,False,obqa|9-985|fixed_C,obqa|9-985|policy_C
obqa,14-61,37,C,0.55,1.3113021850585938e-06,430.5096159223467,463.592445012182,-33.082829089835286,D,D,D,1,1,0,False,False,33.15133904106915,0.00045099295675754547,33.15179003402591,False,obqa|14-61|fixed_C,obqa|14-61|policy_C
obqa,10-823,38,R,0.55,1.3113021850585938e-06,462.2994759120047,255.64915011636913,206.65032579563558,D,D,D,1,1,0,False,False,33.00556307658553,0.0004309695214033127,33.005994046106935,False,obqa|10-823|fixed_C,obqa|10-823|policy_C
obqa,1851,39,R,0.55,1.3113021850585938e-06,339.20446620322764,99.26592209376395,239.9385441094637,A,A,A,1,1,0,False,False,33.711591036990285,0.000400003045797348,33.71199104003608,False,obqa|1851|fixed_C,obqa|1851|policy_C
obqa,9-844,40,R,0.55,1.3113021850585938e-06,337.72592386230826,259.15454095229506,78.5713829100132,C,C,C,1,1,0,False,False,33.233555033802986,0.00048102810978889465,33.234036061912775,False,obqa|9-844|fixed_C,obqa|9-844|policy_C
obqa,1655,41,R,0.55,1.3113021850585938e-06,337.33869111165404,98.45675900578499,238.88193210586905,C,C,C,1,1,0,False,False,33.3204900380224,0.0004300381988286972,33.32092007622123,False,obqa|1655|fixed_C,obqa|1655|policy_C
obqa,383,42,R,0.55,1.3113021850585938e-06,400.2358568832278,98.59736519865692,301.6384916845709,D,D,D,1,1,0,False,False,33.23565889149904,0.000391155481338501,33.23605004698038,False,obqa|383|fixed_C,obqa|383|policy_C
obqa,919,43,C,0.55,1.3113021850585938e-06,337.4582380056381,371.283614076674,-33.82537607103586,B,D,D,0,0,0,False,False,33.13357592560351,0.0003809109330177307,33.13395683653653,False,obqa|919|fixed_C,obqa|919|policy_C
obqa,14-45,44,R,0.55,1.3113021850585938e-06,431.5886090043932,255.30245318077505,176.28615582361817,C,C,C,1,1,0,False,False,33.080554800108075,0.0005110632628202438,33.081065863370895,False,obqa|14-45|fixed_C,obqa|14-45|policy_C
obqa,11-131,45,R,0.55,1.3113021850585938e-06,336.7262100800872,254.95670805685222,81.76950202323496,B,B,B,1,1,0,False,False,33.100883942097425,0.0003608874976634979,33.10124482959509,False,obqa|11-131|fixed_C,obqa|11-131|policy_C
obqa,11-559,46,R,0.55,1.3113021850585938e-06,430.4349129088223,255.50994602963328,174.92496687918901,D,D,D,1,1,0,False,False,33.08222908526659,0.0004009343683719635,33.08263001963496,False,obqa|11-559|fixed_C,obqa|11-559|policy_C
obqa,12-1066,47,C,0.55,1.3113021850585938e-06,336.98276709765196,369.6259839925915,-32.64321689493954,C,B,B,0,0,0,False,False,33.24854280799627,0.00046100467443466187,33.24900381267071,False,obqa|12-1066|fixed_C,obqa|12-1066|policy_C
obqa,14-1299,48,C,0.55,1.3113021850585938e-06,337.1022129431367,368.9819839783013,-31.879771035164595,A,A,A,1,1,0,False,False,33.0628810916096,0.0003809109330177307,33.063262002542615,False,obqa|14-1299|fixed_C,obqa|14-1299|policy_C
obqa,11-240,49,R,0.55,1.3113021850585938e-06,460.89962287805974,255.63039421103895,205.2692286670208,D,D,D,1,1,0,False,False,33.2200201228261,0.0004100147634744644,33.220430137589574,False,obqa|11-240|fixed_C,obqa|11-240|policy_C
obqa,14-491,50,R,0.55,1.3113021850585938e-06,337.5473669730127,255.58402598835528,81.9633409846574,B,B,B,1,1,0,False,False,33.10742694884539,0.0004600733518600464,33.10788702219725,False,obqa|14-491|fixed_C,obqa|14-491|policy_C
obqa,10-916,51,R,0.55,1.3113021850585938e-06,436.42616481520236,256.9447639398277,179.48140087537467,A,D,D,0,0,0,False,False,33.560724928975105,0.00044121406972408295,33.56116614304483,False,obqa|10-916|fixed_C,obqa|10-916|policy_C
obqa,9-1064,52,R,0.55,1.3113021850585938e-06,431.7601448856294,254.95809991843998,176.80204496718943,D,D,D,1,1,0,False,False,33.06010598316789,0.0004309695214033127,33.06053695268929,False,obqa|9-1064|fixed_C,obqa|9-1064|policy_C
obqa,14-223,53,C,0.55,1.3113021850585938e-06,431.106316158548,462.5880108214915,-31.481694662943482,B,B,B,1,1,0,False,False,33.166828099638224,0.000491039827466011,33.16731913946569,False,obqa|14-223|fixed_C,obqa|14-223|policy_C
obqa,11-141,54,R,0.55,1.3113021850585938e-06,335.97531798295677,254.46819188073277,81.50712610222399,A,A,A,1,1,0,False,False,32.80214802362025,0.0004109460860490799,32.8025589697063,False,obqa|11-141|fixed_C,obqa|11-141|policy_C
obqa,10-347,55,C,0.55,1.3113021850585938e-06,333.4950590506196,368.2940900325775,-34.79903098195791,C,A,A,0,0,0,False,False,32.96242211945355,0.00047101639211177826,32.96289313584566,False,obqa|10-347|fixed_C,obqa|10-347|policy_C
obqa,12-306,56,C,0.55,1.3113021850585938e-06,401.5346879605204,432.5844971463084,-31.049809185788035,D,D,D,1,1,0,False,False,33.504679100587964,0.000400003045797348,33.50507910363376,False,obqa|12-306|fixed_C,obqa|12-306|policy_C
obqa,13-71,57,R,0.55,1.3113021850585938e-06,430.12922490015626,255.44185796752572,174.68736693263054,A,A,A,1,1,0,False,False,33.13170187175274,0.0004009343683719635,33.13210280612111,False,obqa|13-71|fixed_C,obqa|13-71|policy_C
obqa,10-415,58,R,0.55,1.3113021850585938e-06,338.69830681942403,257.2469369042665,81.45136991515756,B,A,A,0,0,0,False,False,33.446738962084055,0.0004209578037261963,33.44715991988778,False,obqa|10-415|fixed_C,obqa|10-415|policy_C
obqa,10-184,59,C,0.55,1.3113021850585938e-06,458.81918095983565,493.56506089679897,-34.74587993696332,C,C,C,1,1,0,False,False,32.85655099898577,0.00048102810978889465,32.857032027095556,False,obqa|10-184|fixed_C,obqa|10-184|policy_C
obqa,11-57,60,C,0.55,1.3113021850585938e-06,435.60765380971134,474.5075248647481,-38.89987105503678,A,INVALID,INVALID,0,0,0,True,True,33.896722132340074,0.0004409812390804291,33.897163113579154,False,obqa|11-57|fixed_C,obqa|11-57|policy_C
obqa,11-747,61,C,0.55,1.3113021850585938e-06,441.3093358743936,473.99659687653184,-32.68726100213826,D,D,D,1,1,0,False,False,34.07198400236666,0.0005408655852079391,34.07252486795187,False,obqa|11-747|fixed_C,obqa|11-747|policy_C
obqa,12-1159,62,C,0.55,1.3113021850585938e-06,440.814598929137,474.4251680094749,-33.61056908033788,A,A,A,1,1,0,False,False,33.97719492204487,0.0004309695214033127,33.97762589156628,False,obqa|12-1159|fixed_C,obqa|12-1159|policy_C
obqa,14-595,63,C,0.55,1.3113021850585938e-06,441.34136685170233,475.503692869097,-34.16232601739466,D,D,D,1,1,0,False,False,33.99795410223305,0.00043981708586215973,33.998393919318914,False,obqa|14-595|fixed_C,obqa|14-595|policy_C
obqa,10-58,64,C,0.55,1.3113021850585938e-06,344.52714095823467,384.2940339818597,-39.766893023625016,A,A,A,1,1,0,False,False,33.77318801358342,0.0004009343683719635,33.773588947951794,False,obqa|10-58|fixed_C,obqa|10-58|policy_C
obqa,9-400,65,R,0.55,1.3113021850585938e-06,669.4374149665236,425.22231698967516,244.21509797684848,B,B,B,1,1,0,False,False,34.56475795246661,0.0004100147634744644,34.56516796723008,False,obqa|9-400|fixed_C,obqa|9-400|policy_C
obqa,11-666,66,C,0.55,1.3113021850585938e-06,568.9248901326209,602.8577201068401,-33.9328299742192,B,D,D,0,0,0,False,False,33.955172169953585,0.0003909226506948471,33.95556309260428,False,obqa|11-666|fixed_C,obqa|11-666|policy_C
obqa,8-323,67,C,0.55,1.3113021850585938e-06,538.9523641206324,572.9117640294135,-33.95939990878105,D,D,D,1,1,0,False,False,34.333819989115,0.0004200264811515808,34.33424001559615,False,obqa|8-323|fixed_C,obqa|8-323|policy_C
obqa,14-948,68,R,0.55,1.3113021850585938e-06,441.01287494413555,262.0315020903945,178.98137285374105,B,B,B,1,1,0,False,False,33.832920948043466,0.0004100147634744644,33.83333096280694,False,obqa|14-948|fixed_C,obqa|14-948|policy_C
obqa,11-693,69,C,0.55,1.3113021850585938e-06,409.25994515419006,443.9314140472561,-34.67146889306605,B,B,B,1,1,0,False,False,33.98193302564323,0.00047101639211177826,33.98240404203534,False,obqa|11-693|fixed_C,obqa|11-693|policy_C
obqa,10-741,70,C,0.55,1.3113021850585938e-06,345.0351229403168,378.41203017160296,-33.37690723128617,A,A,A,1,1,0,False,False,33.93667796626687,0.0003811437636613846,33.93705911003053,False,obqa|10-741|fixed_C,obqa|10-741|policy_C
obqa,7-647,71,R,0.55,1.3113021850585938e-06,343.06110301986337,262.09553400985897,80.9655690100044,A,A,A,1,1,0,False,False,34.0272590983659,0.0004009343683719635,34.027660032734275,False,obqa|7-647|fixed_C,obqa|7-647|policy_C
obqa,7-104,72,C,0.55,1.3113021850585938e-06,345.9314510691911,371.7507990077138,-25.819347938522696,A,A,A,1,1,0,False,False,33.811360131949186,0.0004109460860490799,33.811771078035235,False,obqa|7-104|fixed_C,obqa|7-104|policy_C
obqa,12-645,73,C,0.55,1.3113021850585938e-06,336.76696801558137,369.68193016946316,-32.91496215388179,B,C,C,0,0,0,False,False,33.220960991457105,0.00041117891669273376,33.2213721703738,False,obqa|12-645|fixed_C,obqa|12-645|policy_C
obqa,10-1035,74,C,0.55,1.3113021850585938e-06,337.3796490486711,370.2198280952871,-32.84017904661596,A,A,A,1,1,0,False,False,33.093790989369154,0.0004409812390804291,33.094231970608234,False,obqa|10-1035|fixed_C,obqa|10-1035|policy_C
obqa,241,75,R,0.55,1.3113021850585938e-06,399.9418809544295,287.78054704889655,112.16133390553296,B,B,B,1,1,0,False,False,33.272688975557685,0.0004309695214033127,33.27311994507909,False,obqa|241|fixed_C,obqa|241|policy_C
obqa,10-783,76,R,0.55,1.3113021850585938e-06,336.51291602291167,255.96725312061608,80.54566290229559,C,C,C,1,1,0,False,False,33.12308597378433,0.0004209578037261963,33.123506931588054,False,obqa|10-783|fixed_C,obqa|10-783|policy_C
obqa,9-795,77,C,0.55,1.3113021850585938e-06,398.2185060158372,432.75127303786576,-34.532767022028565,B,B,B,1,1,0,False,False,33.11326680704951,0.0005511101335287094,33.11381791718304,False,obqa|9-795|fixed_C,obqa|9-795|policy_C
obqa,14-757,78,R,0.55,1.3113021850585938e-06,336.5908949635923,255.14643802307546,81.44445694051683,D,D,D,1,1,0,False,False,32.8137599863112,0.00047101639211177826,32.81423100270331,False,obqa|14-757|fixed_C,obqa|14-757|policy_C
obqa,9-1040,79,R,0.55,1.3113021850585938e-06,400.00763605348766,160.14804993756115,239.8595861159265,B,B,B,1,1,0,False,False,33.13809493556619,0.00045006163418293,33.13854499720037,False,obqa|9-1040|fixed_C,obqa|9-1040|policy_C
obqa,10-580,80,C,0.55,1.3113021850585938e-06,336.9328419212252,369.8187789414078,-32.88593702018261,C,C,C,1,1,0,False,False,33.16195006482303,0.0004309695214033127,33.162381034344435,False,obqa|10-580|fixed_C,obqa|10-580|policy_C
obqa,10-681,81,R,0.55,1.3113021850585938e-06,430.35368900746107,192.6254539284855,237.72823507897556,D,D,D,1,1,0,False,False,33.28522318042815,0.00046100467443466187,33.28568418510258,False,obqa|10-681|fixed_C,obqa|10-681|policy_C
obqa,14-1004,82,C,0.55,1.3113021850585938e-06,430.7896760292351,463.2674199528992,-32.47774392366409,A,INVALID,INVALID,0,0,0,True,True,33.07790099643171,0.000541098415851593,33.07844209484756,False,obqa|14-1004|fixed_C,obqa|14-1004|policy_C
obqa,14-456,83,R,0.55,1.3113021850585938e-06,431.3049619086087,319.29755001328886,112.00741189531982,C,C,C,1,1,0,False,False,33.27362099662423,0.0005119945853948593,33.274132991209626,False,obqa|14-456|fixed_C,obqa|14-456|policy_C
obqa,9-1036,84,R,0.55,1.3113021850585938e-06,340.7070729881525,257.26465112529695,83.44242186285555,D,D,D,1,1,0,False,False,33.42218208126724,0.0005809124559164047,33.422762993723154,False,obqa|9-1036|fixed_C,obqa|9-1036|policy_C
obqa,11-737,85,C,0.55,1.3113021850585938e-06,427.2413330618292,462.82958984375,-35.58825678192079,B,B,B,1,1,0,False,False,33.13137195073068,0.007673865184187889,33.13904581591487,False,obqa|11-737|fixed_C,obqa|11-737|policy_C
obqa,12-541,86,R,0.55,1.3113021850585938e-06,334.0498299803585,254.7281850129366,79.32164496742189,A,A,A,1,1,0,False,False,33.109860960394144,0.00044121406972408295,33.11030217446387,False,obqa|12-541|fixed_C,obqa|12-541|policy_C
obqa,13-286,87,R,0.55,1.3113021850585938e-06,334.5740931108594,192.18090106733143,142.39319204352796,D,C,C,0,0,0,False,False,33.1259008962661,0.00046100467443466187,33.12636190094054,False,obqa|13-286|fixed_C,obqa|13-286|policy_C
obqa,1894,88,R,0.55,1.3113021850585938e-06,651.5317701268941,257.6686260290444,393.8631440978497,A,A,A,1,1,0,False,False,33.508125226944685,0.0004309695214033127,33.50855619646609,False,obqa|1894|fixed_C,obqa|1894|policy_C
obqa,1046,89,R,0.55,1.3113021850585938e-06,335.1584409829229,98.52580004371703,236.63264093920588,A,A,A,1,1,0,False,False,33.2205998711288,0.00045099295675754547,33.221050864085555,False,obqa|1046|fixed_C,obqa|1046|policy_C
obqa,7-229,90,C,0.55,1.3113021850585938e-06,333.94552301615477,367.2470070887357,-33.301484072580934,A,A,A,1,1,0,False,False,32.88857196457684,0.000400003045797348,32.88897196762264,False,obqa|7-229|fixed_C,obqa|7-229|policy_C
obqa,12-401,91,R,0.55,1.3113021850585938e-06,367.49510606750846,254.4369138777256,113.05819218978286,B,B,B,1,1,0,False,False,33.155997982248664,0.0004209578037261963,33.15641894005239,False,obqa|12-401|fixed_C,obqa|12-401|policy_C
obqa,12-914,92,C,0.55,1.3113021850585938e-06,493.10911796055734,524.3026588577777,-31.193540897220373,C,C,C,1,1,0,False,False,33.323525916785,0.0004209578037261963,33.32394687458873,False,obqa|12-914|fixed_C,obqa|12-914|policy_C
obqa,11-430,93,R,0.55,1.3113021850585938e-06,335.8474860433489,255.11049898341298,80.73698705993593,B,B,B,1,1,0,False,False,33.308777026832104,0.0004409812390804291,33.309218008071184,False,obqa|11-430|fixed_C,obqa|11-430|policy_C
obqa,13-460,94,R,0.55,1.3113021850585938e-06,460.90473304502666,254.83537814579904,206.06935489922762,B,B,B,1,1,0,False,False,33.06059795431793,0.0005310866981744766,33.0611290410161,False,obqa|13-460|fixed_C,obqa|13-460|policy_C
obqa,11-629,95,R,0.55,1.3113021850585938e-06,341.32509399205446,252.86470400169492,88.46038999035954,D,B,D,0,1,1,False,False,32.7193308621645,0.0004409812390804291,32.71977184340358,False,obqa|11-629|fixed_C,obqa|11-629|policy_C
obqa,13-516,96,C,0.55,1.3113021850585938e-06,333.8390509597957,366.98500998318195,-33.14595902338624,B,B,B,1,1,0,False,False,32.93473902158439,0.0004109460860490799,32.93514996767044,False,obqa|13-516|fixed_C,obqa|13-516|policy_C
obqa,10-176,97,R,0.55,1.3113021850585938e-06,398.6991159617901,254.3691350147128,144.32998094707727,B,B,B,1,1,0,False,False,32.83909801393747,0.0006309710443019867,32.839728984981775,False,obqa|10-176|fixed_C,obqa|10-176|policy_C
obqa,12-116,98,C,0.55,1.3113021850585938e-06,336.79637406021357,369.0155770163983,-32.219202956184745,C,C,C,1,1,0,False,False,32.89399202913046,0.0005010515451431274,32.8944930806756,False,obqa|12-116|fixed_C,obqa|12-116|policy_C
obqa,11-694,99,C,0.55,1.3113021850585938e-06,397.6666301023215,431.6636621952057,-33.99703209288418,A,A,A,1,1,0,False,False,33.18394115194678,0.00048102810978889465,33.18442218005657,False,obqa|11-694|fixed_C,obqa|11-694|policy_C
obqa,8-133,100,C,0.55,1.3113021850585938e-06,495.34813105128706,527.8506700415164,-32.50253899022937,A,A,A,1,1,0,False,False,33.37832982651889,0.0004300381988286972,33.37875986471772,False,obqa|8-133|fixed_C,obqa|8-133|policy_C
obqa,10-959,101,R,0.55,1.3113021850585938e-06,460.35816706717014,255.3307069465518,205.02746012061834,B,B,B,1,1,0,False,False,33.20211614482105,0.00051083043217659,33.202626975253224,False,obqa|10-959|fixed_C,obqa|10-959|policy_C
obqa,14-1056,102,R,0.55,1.3113021850585938e-06,398.1812649872154,254.27261204458773,143.90865294262767,C,C,C,1,1,0,False,False,32.90953207761049,0.00045006163418293,32.909982139244676,False,obqa|14-1056|fixed_C,obqa|14-1056|policy_C
obqa,10-380,103,R,0.55,1.3113021850585938e-06,522.2699269652367,254.73344489000738,267.5364820752293,D,D,D,1,1,0,False,False,33.26935297809541,0.0004209578037261963,33.26977393589914,False,obqa|10-380|fixed_C,obqa|10-380|policy_C
obqa,11-523,104,R,0.55,1.3113021850585938e-06,398.81099900230765,255.1584099419415,143.65258906036615,C,B,B,0,0,0,False,False,32.816415186971426,0.0005008187144994736,32.816916005685925,False,obqa|11-523|fixed_C,obqa|11-523|policy_C
obqa,12-352,105,R,0.55,1.3113021850585938e-06,336.5143889095634,254.6618990600109,81.85248984955251,C,C,C,1,1,0,False,False,32.936231000348926,0.0004807952791452408,32.93671179562807,False,obqa|12-352|fixed_C,obqa|12-352|policy_C
obqa,14-754,106,R,0.55,1.3113021850585938e-06,367.2234520781785,252.35312501899898,114.87032705917954,D,D,D,1,1,0,False,False,32.87548688240349,0.00046100467443466187,32.87594788707793,False,obqa|14-754|fixed_C,obqa|14-754|policy_C
obqa,12-1046,107,R,0.55,1.3113021850585938e-06,394.2620800808072,97.65244484879076,296.60963523201644,D,A,A,0,0,0,False,False,33.146030036732554,0.0005210749804973602,33.14655111171305,False,obqa|12-1046|fixed_C,obqa|12-1046|policy_C
obqa,11-442,108,C,0.55,1.3113021850585938e-06,335.9615821391344,368.7647320330143,-32.80314989387989,D,A,A,0,0,0,False,False,32.9730820376426,0.00048102810978889465,32.97356306575239,False,obqa|11-442|fixed_C,obqa|11-442|policy_C
obqa,11-564,109,R,0.55,1.3113021850585938e-06,274.19241215102375,255.72898192331195,18.463430227711797,D,D,D,1,1,0,False,False,33.27505406923592,0.0004209578037261963,33.27547502703965,False,obqa|11-564|fixed_C,obqa|11-564|policy_C
obqa,12-1146,110,C,0.55,1.3113021850585938e-06,338.9026541262865,372.41940619423985,-33.51675206795335,D,B,B,0,0,0,False,False,33.48266799002886,0.0005408655852079391,33.483208855614066,False,obqa|12-1146|fixed_C,obqa|12-1146|policy_C
obqa,12-605,111,C,0.55,1.3113021850585938e-06,621.3510190136731,655.8588379994035,-34.50781898573041,C,C,C,1,1,0,False,False,33.4413091186434,0.007202848792076111,33.44851196743548,False,obqa|12-605|fixed_C,obqa|12-605|policy_C
obqa,14-311,112,R,0.55,1.3113021850585938e-06,429.9960120115429,319.73349512554705,110.26251688599586,D,D,D,1,1,0,False,False,32.998048001900315,0.00048102810978889465,32.998529030010104,False,obqa|14-311|fixed_C,obqa|14-311|policy_C
obqa,13-9,113,R,0.55,1.3113021850585938e-06,464.14789697155356,256.8690809421241,207.27881602942944,C,C,C,1,1,0,False,False,33.60970807261765,0.0005008187144994736,33.61020889133215,False,obqa|13-9|fixed_C,obqa|13-9|policy_C
obqa,13-492,114,R,0.55,1.3113021850585938e-06,462.1619840618223,255.9635059442371,206.19847811758518,A,A,A,1,1,0,False,False,32.94508787803352,0.0005320180207490921,32.94561989605427,False,obqa|13-492|fixed_C,obqa|13-492|policy_C
obqa,13-376,115,R,0.55,1.3113021850585938e-06,336.30397100932896,254.18618810363114,82.11778290569782,C,C,C,1,1,0,False,False,33.26237993314862,0.00044121406972408295,33.26282114721835,False,obqa|13-376|fixed_C,obqa|13-376|policy_C
obqa,13-804,116,C,0.55,1.3113021850585938e-06,459.01122596114874,489.98222313821316,-30.97099717706442,B,B,B,1,1,0,False,False,32.847483875229955,0.0004600733518600464,32.847943948581815,False,obqa|13-804|fixed_C,obqa|13-804|policy_C
obqa,14-216,117,C,0.55,1.3113021850585938e-06,337.26270706392825,371.1271481588483,-33.86444109492004,A,A,A,1,1,0,False,False,33.45172805711627,0.0004309695214033127,33.45215902663767,False,obqa|14-216|fixed_C,obqa|14-216|policy_C
obqa,14-745,118,R,0.55,1.3113021850585938e-06,335.67701280117035,254.96389204636216,80.71312075480819,B,B,B,1,1,0,False,False,32.883702078834176,0.0004109460860490799,32.884113024920225,False,obqa|14-745|fixed_C,obqa|14-745|policy_C
obqa,14-877,119,R,0.55,1.3113021850585938e-06,397.4092719145119,254.29820991121233,143.1110620032996,B,B,B,1,1,0,False,False,33.190863905474544,0.0004209578037261963,33.19128486327827,False,obqa|14-877|fixed_C,obqa|14-877|policy_C
obqa,10-354,120,R,0.55,1.3113021850585938e-06,398.7413870636374,286.8831770028919,111.85821006074548,A,A,A,1,1,0,False,False,32.90670597925782,0.0005210749804973602,32.90722705423832,False,obqa|10-354|fixed_C,obqa|10-354|policy_C
obqa,14-362,121,R,0.55,1.3113021850585938e-06,460.70571593008935,349.45781202986836,111.24790390022099,D,D,D,1,1,0,False,False,33.11166516505182,0.0004598405212163925,33.112125005573034,False,obqa|14-362|fixed_C,obqa|14-362|policy_C
obqa,12-242,122,C,0.55,1.3113021850585938e-06,336.7475909180939,369.65185194276273,-32.90426102466881,A,B,B,0,0,0,False,False,33.567026956006885,0.00044121406972408295,33.56746817007661,False,obqa|12-242|fixed_C,obqa|12-242|policy_C
obqa,10-616,123,R,0.55,1.3113021850585938e-06,428.97593905217946,255.51919406279922,173.45674498938024,D,D,D,1,1,0,False,False,33.16621785052121,0.0004800967872142792,33.16669794730842,False,obqa|10-616|fixed_C,obqa|10-616|policy_C
obqa,14-1328,124,C,0.55,1.3113021850585938e-06,430.41026685386896,461.68947010301054,-31.279203249141574,A,C,C,0,0,0,False,False,33.117895014584064,0.00048102810978889465,33.11837604269385,False,obqa|14-1328|fixed_C,obqa|14-1328|policy_C
obqa,13-438,125,C,0.55,1.3113021850585938e-06,336.13013103604317,370.0155408587307,-33.88540982268751,A,B,B,0,0,0,False,False,33.3830991294235,0.0004908069968223572,33.38358993642032,False,obqa|13-438|fixed_C,obqa|13-438|policy_C
obqa,12-1208,126,R,0.55,1.3113021850585938e-06,336.09641692601144,223.46309898421168,112.63331794179976,A,A,A,1,1,0,False,False,32.98510517925024,0.00046100467443466187,32.985566183924675,False,obqa|12-1208|fixed_C,obqa|12-1208|policy_C
obqa,10-351,127,R,0.55,1.3113021850585938e-06,336.2833820283413,254.7637929674238,81.5195890609175,C,C,C,1,1,0,False,False,32.80473290942609,0.00045099295675754547,32.80518390238285,False,obqa|10-351|fixed_C,obqa|10-351|policy_C
arc,Mercury_7207358,0,R,0.6,3.5762786865234375e-07,342.3482929356396,256.1098930891603,86.2383998464793,C,C,C,1,1,0,False,False,33.49121403880417,0.0004200264811515808,33.491634065285325,False,arc|Mercury_7207358|fixed_C,arc|Mercury_7207358|policy_C
arc,Mercury_SC_LBS10915,1,R,0.6,3.5762786865234375e-07,590.570341097191,256.78640394471586,333.7839371524751,B,B,B,1,1,0,False,False,33.640805864706635,0.0003811437636613846,33.6411870084703,False,arc|Mercury_SC_LBS10915|fixed_C,arc|Mercury_SC_LBS10915|policy_C
arc,Mercury_177398,2,R,0.6,3.5762786865234375e-07,399.69958108849823,255.9699579142034,143.72962317429483,B,B,B,1,1,0,False,False,33.33807294256985,0.0005709007382392883,33.33864384330809,False,arc|Mercury_177398|fixed_C,arc|Mercury_177398|policy_C
arc,Mercury_SC_400655,3,R,0.6,3.5762786865234375e-07,337.17989013530314,256.49835891090333,80.6815312243998,A,A,A,1,1,0,False,False,33.42836513184011,0.0004200264811515808,33.42878515832126,False,arc|Mercury_SC_400655|fixed_C,arc|Mercury_SC_400655|policy_C
arc,Mercury_414131,4,C,0.6,3.5762786865234375e-07,524.5315709616989,556.7920741159469,-32.260503154248,C,C,C,1,1,0,False,False,33.30490016378462,0.00045099295675754547,33.30535115674138,False,arc|Mercury_414131|fixed_C,arc|Mercury_414131|policy_C
arc,Mercury_7223038,5,R,0.6,3.5762786865234375e-07,495.02925598062575,384.61997197009623,110.40928401052952,C,C,C,1,1,0,False,False,33.66241813637316,0.0005008187144994736,33.66291895508766,False,arc|Mercury_7223038|fixed_C,arc|Mercury_7223038|policy_C
arc,Mercury_7124338,6,C,0.6,3.5762786865234375e-07,336.7025260813534,369.7936909738928,-33.09116489253938,D,D,D,1,1,0,False,False,33.55889115482569,0.0004109460860490799,33.55930210091174,False,arc|Mercury_7124338|fixed_C,arc|Mercury_7124338|policy_C
arc,MDSA_2008_5_24,7,C,0.6,3.5762786865234375e-07,336.18829119950533,377.48476304113865,-41.29647184163332,C,A,A,0,0,0,False,False,33.548801904544234,0.0004009343683719635,33.549202838912606,False,arc|MDSA_2008_5_24|fixed_C,arc|MDSA_2008_5_24|policy_C
arc,Mercury_7018008,8,R,0.6,3.5762786865234375e-07,399.27973598241806,287.86954493261874,111.41019104979932,A,A,A,1,1,0,False,False,33.48280698992312,0.0004521571099758148,33.483259147033095,False,arc|Mercury_7018008|fixed_C,arc|Mercury_7018008|policy_C
arc,Mercury_7011270,9,C,0.6,3.5762786865234375e-07,495.7344320137054,532.4634499847889,-36.72901797108352,B,B,B,1,1,0,False,False,33.298328053206205,0.0004109460860490799,33.298738999292254,False,arc|Mercury_7011270|fixed_C,arc|Mercury_7011270|policy_C
arc,Mercury_7082145,10,R,0.6,3.5762786865234375e-07,812.7982288133353,258.48231790587306,554.3159109074622,D,D,D,1,1,0,False,False,33.942276844754815,0.0004109460860490799,33.942687790840864,False,arc|Mercury_7082145|fixed_C,arc|Mercury_7082145|policy_C
arc,Mercury_SC_407314,11,R,0.6,3.5762786865234375e-07,592.7335689775646,258.17228108644485,334.5612878911197,A,A,A,1,1,0,False,False,33.968858886510134,0.0004600733518600464,33.969318959861994,False,arc|Mercury_SC_407314|fixed_C,arc|Mercury_SC_407314|policy_C
arc,Mercury_400934,12,R,0.6,3.5762786865234375e-07,337.43008389137685,257.058059098199,80.37202479317784,C,C,C,1,1,0,False,False,33.682465087622404,0.0004409812390804291,33.682906068861485,False,arc|Mercury_400934|fixed_C,arc|Mercury_400934|policy_C
arc,Mercury_7032340,13,C,0.6,3.5762786865234375e-07,753.7687011063099,784.2309249099344,-30.46222380362451,D,A,A,0,0,0,False,False,33.72241114266217,0.0005320180207490921,33.72294316068292,False,arc|Mercury_7032340|fixed_C,arc|Mercury_7032340|policy_C
arc,TIMSS_2007_4_pg90,14,C,0.6,3.5762786865234375e-07,340.8130940515548,373.29493509605527,-32.48184104450047,C,B,B,0,0,0,False,False,33.80913590081036,0.0005310866981744766,33.809666987508535,False,arc|TIMSS_2007_4_pg90|fixed_C,arc|TIMSS_2007_4_pg90|policy_C
arc,Mercury_7144795,15,R,0.6,3.5762786865234375e-07,340.320710092783,258.3268939051777,81.99381618760526,D,C,C,0,0,0,False,False,33.955813851207495,0.0004200264811515808,33.956233877688646,False,arc|Mercury_7144795|fixed_C,arc|Mercury_7144795|policy_C
arc,Mercury_7183733,16,R,0.6,3.5762786865234375e-07,343.3015481568873,354.43581407889724,-11.134265922009945,B,B,B,1,1,0,False,False,34.17093097232282,0.0005208421498537064,34.171451814472675,False,arc|Mercury_7183733|fixed_C,arc|Mercury_7183733|policy_C
arc,Mercury_7185133,17,R,0.6,3.5762786865234375e-07,336.0908969771117,318.61022813245654,17.480668844655156,A,A,A,1,1,0,False,False,33.39871810749173,0.0004009343683719635,33.399119041860104,False,arc|Mercury_7185133|fixed_C,arc|Mercury_7185133|policy_C
arc,NYSEDREGENTS_2014_4_17,18,C,0.6,3.5762786865234375e-07,337.00599102303386,370.07236015051603,-33.066369127482176,C,B,B,0,0,0,False,False,33.235359005630016,0.0005809124559164047,33.23593991808593,False,arc|NYSEDREGENTS_2014_4_17|fixed_C,arc|NYSEDREGENTS_2014_4_17|policy_C
arc,Mercury_7141698,19,C,0.6,3.5762786865234375e-07,399.43767595104873,435.54604798555374,-36.10837203450501,B,B,B,1,1,0,False,False,33.558831084519625,0.0005408655852079391,33.55937195010483,False,arc|Mercury_7141698|fixed_C,arc|Mercury_7141698|policy_C
arc,MCAS_1998_4_8,20,R,0.6,3.5762786865234375e-07,336.6091388743371,255.39754307828844,81.21159579604864,B,A,A,0,0,0,False,False,33.03273394703865,0.00046100467443466187,33.033194951713085,False,arc|MCAS_1998_4_8|fixed_C,arc|MCAS_1998_4_8|policy_C
arc,Mercury_SC_400845,21,R,0.6,3.5762786865234375e-07,430.5260060355067,255.39094116538763,175.1350648701191,B,B,B,1,1,0,False,False,33.29576295800507,0.00045099295675754547,33.29621395096183,False,arc|Mercury_SC_400845|fixed_C,arc|Mercury_SC_400845|policy_C
arc,Mercury_7205345,22,R,0.6,3.5762786865234375e-07,588.0360589362681,257.4185731355101,330.617485800758,D,D,D,1,1,0,False,False,33.72326190583408,0.00047101639211177826,33.72373292222619,False,arc|Mercury_7205345|fixed_C,arc|Mercury_7205345|policy_C
arc,Mercury_7068863,23,R,0.6,3.5762786865234375e-07,339.7008969914168,257.3393718339503,82.36152515746653,C,C,C,1,1,0,False,False,33.53477595373988,0.0004209578037261963,33.53519691154361,False,arc|Mercury_7068863|fixed_C,arc|Mercury_7068863|policy_C
arc,MCAS_1998_8_2,24,R,0.6,3.5762786865234375e-07,430.6438500061631,255.53402118384838,175.10982882231474,C,C,C,1,1,0,False,False,33.10939995571971,0.0004209578037261963,33.109820913523436,False,arc|MCAS_1998_8_2|fixed_C,arc|MCAS_1998_8_2|policy_C
arc,Mercury_7158673,25,C,0.6,3.5762786865234375e-07,561.0524150542915,592.7471758332103,-31.694760778918862,D,B,B,0,0,0,False,False,33.85327896103263,0.0006319023668766022,33.853910863399506,False,arc|Mercury_7158673|fixed_C,arc|Mercury_7158673|policy_C
arc,Mercury_7014368,26,R,0.6,3.5762786865234375e-07,591.4575920905918,383.6293339263648,207.828258164227,C,C,C,1,1,0,False,False,33.92960503697395,0.0004300381988286972,33.93003507517278,False,arc|Mercury_7014368|fixed_C,arc|Mercury_7014368|policy_C
arc,Mercury_7228603,27,R,0.6,3.5762786865234375e-07,560.8230910729617,256.95046479813755,303.87262627482414,C,C,C,1,1,0,False,False,33.26314105652273,0.0004209578037261963,33.26356201432645,False,arc|Mercury_7228603|fixed_C,arc|Mercury_7228603|policy_C
arc,Mercury_7138688,28,R,0.6,3.5762786865234375e-07,372.57343507371843,258.5109539795667,114.06248109415174,D,D,D,1,1,0,False,False,33.748100977391005,0.00046100467443466187,33.74856198206544,False,arc|Mercury_7138688|fixed_C,arc|Mercury_7138688|policy_C
arc,Mercury_7026198,29,R,0.6,3.5762786865234375e-07,340.87627986446023,258.18116986192763,82.6951100025326,A,A,A,1,1,0,False,False,33.73177093453705,0.0004200264811515808,33.732190961018205,False,arc|Mercury_7026198|fixed_C,arc|Mercury_7026198|policy_C
arc,Mercury_7015435,30,R,0.6,3.5762786865234375e-07,338.7870821170509,257.94190587475896,80.84517624229193,A,A,A,1,1,0,False,False,33.645656891167164,0.00045099295675754547,33.64610788412392,False,arc|Mercury_7015435|fixed_C,arc|Mercury_7015435|policy_C
arc,Mercury_7251685,31,C,0.6,3.5762786865234375e-07,495.2443279325962,528.1701220665127,-32.9257941339165,B,B,B,1,1,0,False,False,33.273672917857766,0.000491039827466011,33.27416395768523,False,arc|Mercury_7251685|fixed_C,arc|Mercury_7251685|policy_C
arc,MCAS_2006_5_29,32,C,0.6,3.5762786865234375e-07,499.2611890193075,532.7477448154241,-33.48655579611659,D,D,D,1,1,0,False,False,33.84830104187131,0.0005310866981744766,33.848832128569484,False,arc|MCAS_2006_5_29|fixed_C,arc|MCAS_2006_5_29|policy_C
arc,NYSEDREGENTS_2014_4_13,33,R,0.6,3.5762786865234375e-07,430.93773792497814,256.6439271904528,174.29381073452532,B,B,B,1,1,0,False,False,33.75344187952578,0.00043120235204696655,33.75387308187783,False,arc|NYSEDREGENTS_2014_4_13|fixed_C,arc|NYSEDREGENTS_2014_4_13|policy_C
arc,Mercury_412551,34,R,0.6,3.5762786865234375e-07,246.07319897040725,162.7143109217286,83.35888804867864,D,D,D,1,1,0,False,False,33.57313992455602,0.0004409812390804291,33.5735809057951,False,arc|Mercury_412551|fixed_C,arc|Mercury_412551|policy_C
arc,Mercury_7044678,35,R,0.6,3.5762786865234375e-07,560.9972982201725,258.0798980779946,302.91740014217794,A,A,A,1,1,0,False,False,33.77465298399329,0.00045099295675754547,33.77510397695005,False,arc|Mercury_7044678|fixed_C,arc|Mercury_7044678|policy_C
arc,Mercury_7270008,36,R,0.6,3.5762786865234375e-07,529.6622589230537,289.40291493199766,240.25934399105608,C,C,C,1,1,0,False,False,33.791583962738514,0.0004009343683719635,33.791984897106886,False,arc|Mercury_7270008|fixed_C,arc|Mercury_7270008|policy_C
arc,MDSA_2011_5_20,37,R,0.6,3.5762786865234375e-07,559.8556259647012,258.3145119715482,301.541113993153,D,D,D,1,1,0,False,False,33.80094189196825,0.000541098415851593,33.8014829903841,False,arc|MDSA_2011_5_20|fixed_C,arc|MDSA_2011_5_20|policy_C
arc,Mercury_7130603,38,C,0.6,3.5762786865234375e-07,401.1937619652599,432.68978712148964,-31.496025156229734,C,B,B,0,0,0,False,False,33.38606609031558,0.0005010515451431274,33.38656714186072,False,arc|Mercury_7130603|fixed_C,arc|Mercury_7130603|policy_C
arc,Mercury_7246348,39,R,0.6,3.5762786865234375e-07,400.29674186371267,288.74843497760594,111.54830688610673,A,A,A,1,1,0,False,False,33.47946307621896,0.00048102810978889465,33.47994410432875,False,arc|Mercury_7246348|fixed_C,arc|Mercury_7246348|policy_C
arc,Mercury_417146,40,R,0.6,3.5762786865234375e-07,430.5912498384714,319.00449097156525,111.58675886690617,A,A,A,1,1,0,False,False,33.29289914108813,0.0004409812390804291,33.29334012232721,False,arc|Mercury_417146|fixed_C,arc|Mercury_417146|policy_C
arc,Mercury_192290,41,C,0.6,3.5762786865234375e-07,529.7014419920743,562.5576248858124,-32.85618289373815,D,A,A,0,0,0,False,False,33.73157000169158,0.0005310866981744766,33.732101088389754,False,arc|Mercury_192290|fixed_C,arc|Mercury_192290|policy_C
arc,Mercury_7018148,42,C,0.6,3.5762786865234375e-07,337.7460988704115,370.82429183647037,-33.07819296605885,B,B,B,1,1,0,False,False,33.28022500500083,0.0004209578037261963,33.280645962804556,False,arc|Mercury_7018148|fixed_C,arc|Mercury_7018148|policy_C
arc,Mercury_SC_407695,43,R,0.6,3.5762786865234375e-07,530.289056012407,258.3955249283463,271.89353108406067,D,C,C,0,0,0,False,False,33.913976047188044,0.00051083043217659,33.91448687762022,False,arc|Mercury_SC_407695|fixed_C,arc|Mercury_SC_407695|policy_C
arc,Mercury_SC_400172,44,R,0.6,3.5762786865234375e-07,369.56234090030193,256.57974602654576,112.98259487375617,A,A,A,1,1,0,False,False,33.28098705969751,0.0004209578037261963,33.281408017501235,False,arc|Mercury_SC_400172|fixed_C,arc|Mercury_SC_400172|policy_C
arc,Mercury_7264023,45,R,0.6,3.5762786865234375e-07,400.9248230140656,287.7166399266571,113.20818308740854,D,D,D,1,1,0,False,False,33.28278008848429,0.0004409812390804291,33.28322106972337,False,arc|Mercury_7264023|fixed_C,arc|Mercury_7264023|policy_C
arc,MCAS_2000_8_10,46,R,0.6,3.5762786865234375e-07,337.5865579582751,255.648632068187,81.93792589008808,B,B,B,1,1,0,False,False,33.41180388815701,0.0005511101335287094,33.41235499829054,False,arc|MCAS_2000_8_10|fixed_C,arc|MCAS_2000_8_10|policy_C
arc,Mercury_7207620,47,R,0.6,3.5762786865234375e-07,529.5843998901546,258.77872202545404,270.80567786470056,A,A,A,1,1,0,False,False,33.58483198098838,0.0004309695214033127,33.58526295050979,False,arc|Mercury_7207620|fixed_C,arc|Mercury_7207620|policy_C
arc,TIMSS_2003_8_pg14,48,R,0.6,3.5762786865234375e-07,525.2389980014414,289.46160594932735,235.777392052114,B,D,D,0,0,0,False,False,33.625388983637094,0.0005110632628202438,33.625900046899915,False,arc|TIMSS_2003_8_pg14|fixed_C,arc|TIMSS_2003_8_pg14|policy_C
arc,MCAS_2009_8_5,49,R,0.6,3.5762786865234375e-07,655.1519921049476,258.1616931129247,396.9902989920229,D,D,D,1,1,0,False,False,33.73170085251331,0.000491039827466011,33.73219189234078,False,arc|MCAS_2009_8_5|fixed_C,arc|MCAS_2009_8_5|policy_C
arc,Mercury_7215180,50,R,0.6,3.5762786865234375e-07,435.09740894660354,258.529509883374,176.56789906322956,C,A,A,0,0,0,False,False,33.77550397999585,0.00048102810978889465,33.775985008105636,False,arc|Mercury_7215180|fixed_C,arc|Mercury_7215180|policy_C
arc,Mercury_SC_415354,51,R,0.6,3.5762786865234375e-07,1565.4711201786995,287.06410387530923,1278.4070163033903,C,A,D,0,0,0,False,False,33.24490902014077,0.00046100467443466187,33.2453700248152,False,arc|Mercury_SC_415354|fixed_C,arc|Mercury_SC_415354|policy_C
arc,Mercury_7171938,52,R,0.6,3.5762786865234375e-07,340.99959302693605,258.97910189814866,82.0204911287874,D,B,B,0,0,0,False,False,33.920787973329425,0.0005110632628202438,33.921299036592245,False,arc|Mercury_7171938|fixed_C,arc|Mercury_7171938|policy_C
arc,MCAS_1999_8_22,53,R,0.6,3.5762786865234375e-07,452.11127400398254,350.5277559161186,101.58351808786392,B,B,B,1,1,0,False,False,33.39523286558688,0.0005310866981744766,33.39576395228505,False,arc|MCAS_1999_8_22|fixed_C,arc|MCAS_1999_8_22|policy_C
arc,MEA_2016_5_7,54,R,0.6,3.5762786865234375e-07,333.20918399840593,252.90354015305638,80.30564384534955,B,B,B,1,1,0,False,False,33.048476092517376,0.00046100467443466187,33.04893709719181,False,arc|MEA_2016_5_7|fixed_C,arc|MEA_2016_5_7|policy_C
arc,MCAS_2005_8_5,55,C,0.6,3.5762786865234375e-07,609.2534079216421,642.3675678670406,-33.11415994539857,D,B,B,0,0,0,False,False,33.053755993023515,0.0005010515451431274,33.05425704456866,False,arc|MCAS_2005_8_5|fixed_C,arc|MCAS_2005_8_5|policy_C
arc,Mercury_7141908,56,R,0.6,3.5762786865234375e-07,332.4174138251692,252.1259868517518,80.2914269734174,C,C,C,1,1,0,False,False,32.861371990293264,0.0004209578037261963,32.86179294809699,False,arc|Mercury_7141908|fixed_C,arc|Mercury_7141908|policy_C
arc,Mercury_7027230,57,C,0.6,3.5762786865234375e-07,640.8924630377442,672.6225321181118,-31.730069080367684,A,A,A,1,1,0,False,False,32.90103585459292,0.0005210749804973602,32.90155692957342,False,arc|Mercury_7027230|fixed_C,arc|Mercury_7027230|policy_C
arc,Mercury_SC_405973,58,R,0.6,3.5762786865234375e-07,333.9629019610584,252.307441085577,81.65546087548137,B,B,B,1,1,0,False,False,33.08658883906901,0.00048102810978889465,33.0870698671788,False,arc|Mercury_SC_405973|fixed_C,arc|Mercury_SC_405973|policy_C
arc,Mercury_7245053,59,R,0.6,3.5762786865234375e-07,610.4864338412881,251.32119189947844,359.16524194180965,B,B,B,1,1,0,False,False,32.62819000519812,0.00047101639211177826,32.62866102159023,False,arc|Mercury_7245053|fixed_C,arc|Mercury_7245053|policy_C
arc,Mercury_7198380,60,R,0.6,3.5762786865234375e-07,334.5753219909966,253.06981499306858,81.50550699792802,D,B,B,0,0,0,False,False,33.02150499075651,0.0004009343683719635,33.021905925124884,False,arc|Mercury_7198380|fixed_C,arc|Mercury_7198380|policy_C
arc,NCEOGA_2013_5_43,61,C,0.6,3.5762786865234375e-07,339.9016330949962,368.5765431728214,-28.67491007782519,B,B,B,1,1,0,False,False,32.982331002131104,0.000400003045797348,32.9827310051769,False,arc|NCEOGA_2013_5_43|fixed_C,arc|NCEOGA_2013_5_43|policy_C
arc,Mercury_SC_402239,62,R,0.6,3.5762786865234375e-07,622.4787849932909,255.26641705073416,367.21236794255674,C,C,C,1,1,0,False,False,33.21013296954334,0.0004400499165058136,33.210573019459844,False,arc|Mercury_SC_402239|fixed_C,arc|Mercury_SC_402239|policy_C
arc,Mercury_SC_412337,63,R,0.6,3.5762786865234375e-07,340.4125419910997,260.0186509080231,80.3938910830766,D,C,C,0,0,0,False,False,33.66539510898292,0.00051083043217659,33.6659059394151,False,arc|Mercury_SC_412337|fixed_C,arc|Mercury_SC_412337|policy_C
arc,Mercury_7238963,64,C,0.6,3.5762786865234375e-07,340.63175693154335,373.5772480722517,-32.94549114070833,A,A,A,1,1,0,False,False,33.751638839021325,0.0004409812390804291,33.752079820260406,False,arc|Mercury_7238963|fixed_C,arc|Mercury_7238963|policy_C
arc,Mercury_412683,65,C,0.6,3.5762786865234375e-07,498.3185031451285,530.2871828898787,-31.96867974475026,D,A,A,0,0,0,False,False,33.627804135903716,0.0004300381988286972,33.628234174102545,False,arc|Mercury_412683|fixed_C,arc|Mercury_412683|policy_C
arc,ACTAAP_2009_5_5,66,C,0.6,3.5762786865234375e-07,435.88648410513997,470.3829730860889,-34.496488980948925,B,A,A,0,0,0,False,False,33.50926889106631,0.0005520414561033249,33.509820932522416,False,arc|ACTAAP_2009_5_5|fixed_C,arc|ACTAAP_2009_5_5|policy_C
arc,Mercury_SC_401244,67,R,0.6,3.5762786865234375e-07,400.0746519304812,287.41356590762734,112.66108602285385,D,D,D,1,1,0,False,False,33.20786799304187,0.00046100467443466187,33.20832899771631,False,arc|Mercury_SC_401244|fixed_C,arc|Mercury_SC_401244|policy_C
arc,AIMS_2009_4_29,68,C,0.6,3.5762786865234375e-07,745.4760961700231,781.1345269437879,-35.65843077376485,D,D,D,1,1,0,False,False,33.38542487472296,0.000391155481338501,33.385816030204296,False,arc|AIMS_2009_4_29|fixed_C,arc|AIMS_2009_4_29|policy_C
arc,Mercury_7018445,69,C,0.6,3.5762786865234375e-07,398.5871239565313,432.5406439602375,-33.95352000370622,D,B,B,0,0,0,False,False,33.23652199469507,0.0008919741958379745,33.237413968890905,False,arc|Mercury_7018445|fixed_C,arc|Mercury_7018445|policy_C
arc,Mercury_7103215,70,R,0.6,3.5762786865234375e-07,339.3475238699466,258.15680413506925,81.19071973487735,C,C,C,1,1,0,False,False,33.68983115069568,0.0004109460860490799,33.69024209678173,False,arc|Mercury_7103215|fixed_C,arc|Mercury_7103215|policy_C
arc,Mercury_7032743,71,C,0.6,3.5762786865234375e-07,430.59915606863797,464.19845591299236,-33.59929984435439,C,C,C,1,1,0,False,False,33.51204399950802,0.0005408655852079391,33.51258486509323,False,arc|Mercury_7032743|fixed_C,arc|Mercury_7032743|policy_C
arc,Mercury_7193043,72,C,0.6,3.5762786865234375e-07,435.67398097366095,466.63420111872256,-30.960220145061612,B,B,B,1,1,0,False,False,33.35575805976987,0.000491039827466011,33.356249099597335,False,arc|Mercury_7193043|fixed_C,arc|Mercury_7193043|policy_C
arc,MEA_2013_5_3,73,R,0.6,3.5762786865234375e-07,686.2011589109898,478.7966550793499,207.4045038316399,D,D,D,1,1,0,False,False,33.786515006795526,0.00047101639211177826,33.78698602318764,False,arc|MEA_2013_5_3|fixed_C,arc|MEA_2013_5_3|policy_C
arc,Mercury_176838,74,C,0.6,3.5762786865234375e-07,527.1643849555403,560.5472249444574,-33.38283998891711,A,A,A,1,1,0,False,False,33.29226793721318,0.00048102810978889465,33.29274896532297,False,arc|Mercury_176838|fixed_C,arc|Mercury_176838|policy_C
arc,MCAS_2011_5_17673,75,C,0.6,3.5762786865234375e-07,340.3841170947999,373.88929002918303,-33.505172934383154,A,C,C,0,0,0,False,False,34.24974181689322,0.0004409812390804291,34.2501827981323,False,arc|MCAS_2011_5_17673|fixed_C,arc|MCAS_2011_5_17673|policy_C
arc,Mercury_7090720,76,R,0.6,3.5762786865234375e-07,340.2524378616363,258.41911998577416,81.83331787586212,B,B,B,1,1,0,False,False,33.80917711183429,0.0004309695214033127,33.80960808135569,False,arc|Mercury_7090720|fixed_C,arc|Mercury_7090720|policy_C
arc,NCEOGA_2013_8_40,77,C,0.6,3.5762786865234375e-07,560.4989239946008,594.0984841436148,-33.599560149013996,C,C,C,1,1,0,False,False,33.727162051945925,0.0006209593266248703,33.72778301127255,False,arc|NCEOGA_2013_8_40|fixed_C,arc|NCEOGA_2013_8_40|policy_C
arc,Mercury_7164850,78,C,0.6,3.5762786865234375e-07,339.8797418922186,373.81139188073575,-33.931649988517165,A,A,A,1,1,0,False,False,33.75831199809909,0.0004200264811515808,33.75873202458024,False,arc|Mercury_7164850|fixed_C,arc|Mercury_7164850|policy_C
arc,Mercury_7131828,79,C,0.6,3.5762786865234375e-07,464.2978338524699,498.1197449378669,-33.821911085397005,C,A,A,0,0,0,False,False,33.63567893393338,0.0004409812390804291,33.63611991517246,False,arc|Mercury_7131828|fixed_C,arc|Mercury_7131828|policy_C
arc,Mercury_7245088,80,C,0.6,3.5762786865234375e-07,592.5825219601393,636.2724900245667,-43.689968064427376,D,B,B,0,0,0,False,False,33.511965069919825,0.0004100147634744644,33.5123750846833,False,arc|Mercury_7245088|fixed_C,arc|Mercury_7245088|policy_C
arc,LEAP_2006_8_10412,81,R,0.6,3.5762786865234375e-07,340.0677179452032,258.0639480147511,82.00376993045211,B,A,A,0,0,0,False,False,33.949312986806035,0.0004209578037261963,33.94973394460976,False,arc|LEAP_2006_8_10412|fixed_C,arc|LEAP_2006_8_10412|policy_C
arc,Mercury_SC_415366,82,R,0.6,3.5762786865234375e-07,341.0158639308065,257.70004792138934,83.31581600941718,B,C,C,0,0,0,False,False,33.55728997848928,0.00042119063436985016,33.55771116912365,False,arc|Mercury_SC_415366|fixed_C,arc|Mercury_SC_415366|policy_C
arc,Mercury_180058,83,R,0.6,3.5762786865234375e-07,497.94166814535856,258.3755380474031,239.56613009795547,A,A,A,1,1,0,False,False,33.70359679684043,0.0005720648914575577,33.70416886173189,False,arc|Mercury_180058|fixed_C,arc|Mercury_180058|policy_C
arc,Mercury_7081760,84,R,0.6,3.5762786865234375e-07,464.5869911182672,258.1782441120595,206.4087470062077,B,B,B,1,1,0,False,False,33.78605400212109,0.0004908069968223572,33.78654480911791,False,arc|Mercury_7081760|fixed_C,arc|Mercury_7081760|policy_C
arc,NYSEDREGENTS_2014_4_28,85,C,0.6,3.5762786865234375e-07,338.5275600012392,371.5392770245671,-33.01171702332795,B,A,A,0,0,0,False,False,33.453473122790456,0.000541098415851593,33.45401422120631,False,arc|NYSEDREGENTS_2014_4_28|fixed_C,arc|NYSEDREGENTS_2014_4_28|policy_C
arc,Mercury_7085820,86,C,0.6,3.5762786865234375e-07,336.8709411006421,370.29681191779673,-33.425870817154646,D,A,A,0,0,0,False,False,33.302568132057786,0.0005008187144994736,33.303068950772285,False,arc|Mercury_7085820|fixed_C,arc|Mercury_7085820|policy_C
arc,NCEOGA_2013_8_4,87,R,0.6,3.5762786865234375e-07,591.2631719838828,258.47976515069604,332.78340683318675,D,D,D,1,1,0,False,False,33.82441587746143,0.0005310866981744766,33.82494696415961,False,arc|NCEOGA_2013_8_4|fixed_C,arc|NCEOGA_2013_8_4|policy_C
arc,Mercury_7183015,88,R,0.6,3.5762786865234375e-07,434.1049378272146,258.09431495144963,176.01062287576497,A,A,A,1,1,0,False,False,33.69625401683152,0.0005709007382392883,33.69682491756976,False,arc|Mercury_7183015|fixed_C,arc|Mercury_7183015|policy_C
arc,AKDE&ED_2008_8_44,89,C,0.6,3.5762786865234375e-07,433.91319504007697,466.9769590254873,-33.06376398541033,A,B,B,0,0,0,False,False,33.57487288303673,0.0005310866981744766,33.57540396973491,False,arc|AKDE&ED_2008_8_44|fixed_C,arc|AKDE&ED_2008_8_44|policy_C
arc,Mercury_SC_LBS10598,90,R,0.6,3.5762786865234375e-07,399.37761100009084,256.7581331823021,142.61947781778872,A,A,A,1,1,0,False,False,33.36345311254263,0.00046100467443466187,33.363914117217064,False,arc|Mercury_SC_LBS10598|fixed_C,arc|Mercury_SC_LBS10598|policy_C
arc,Mercury_7282608,91,C,0.6,3.5762786865234375e-07,340.29670199379325,373.47119697369635,-33.1744949799031,C,B,B,0,0,0,False,False,33.68400107137859,0.00048102810978889465,33.68448209948838,False,arc|Mercury_7282608|fixed_C,arc|Mercury_7282608|policy_C
arc,Mercury_7145513,92,C,0.6,3.5762786865234375e-07,433.89538093470037,467.9608440492302,-34.06546311452985,B,INVALID,INVALID,0,0,0,True,True,33.499971963465214,0.0005308538675308228,33.500502817332745,False,arc|Mercury_7145513|fixed_C,arc|Mercury_7145513|policy_C
arc,NYSEDREGENTS_2014_4_22,93,R,0.6,3.5762786865234375e-07,340.041448129341,258.0800580326468,81.96139009669423,A,A,A,1,1,0,False,False,33.77799806185067,0.0004109460860490799,33.778409007936716,False,arc|NYSEDREGENTS_2014_4_22|fixed_C,arc|NYSEDREGENTS_2014_4_22|policy_C
arc,Mercury_7284043,94,C,0.6,3.5762786865234375e-07,340.97481588833034,373.9705530460924,-32.99573715776205,C,C,C,1,1,0,False,False,33.76117697916925,0.00048102810978889465,33.76165800727904,False,arc|Mercury_7284043|fixed_C,arc|Mercury_7284043|policy_C
arc,Mercury_7192990,95,R,0.6,3.5762786865234375e-07,340.85130295716226,257.5177929829806,83.33350997418165,A,A,A,1,1,0,False,False,33.764302963390946,0.0003611203283071518,33.76466408371925,False,arc|Mercury_7192990|fixed_C,arc|Mercury_7192990|policy_C
arc,Mercury_SC_415348,96,C,0.6,3.5762786865234375e-07,338.2396539673209,371.9769651070237,-33.7373111397028,D,B,B,0,0,0,False,False,33.750446047633886,0.0003909226506948471,33.75083697028458,False,arc|Mercury_SC_415348|fixed_C,arc|Mercury_SC_415348|policy_C
arc,Mercury_7008120,97,R,0.6,3.5762786865234375e-07,400.3329009283334,255.97300590015948,144.35989502817392,A,A,A,1,1,0,False,False,33.34878501482308,0.00046100467443466187,33.349246019497514,False,arc|Mercury_7008120|fixed_C,arc|Mercury_7008120|policy_C
arc,Mercury_SC_LBS10040,98,C,0.6,3.5762786865234375e-07,395.58713999576867,424.9304961413145,-29.34335614554584,D,B,B,0,0,0,False,False,32.422730000689626,0.0005210749804973602,32.42325107567012,False,arc|Mercury_SC_LBS10040|fixed_C,arc|Mercury_SC_LBS10040|policy_C
arc,MCAS_2013_8_29421,99,R,0.6,3.5762786865234375e-07,644.5271198172122,254.44130413234234,390.0858156848699,A,A,A,1,1,0,False,False,33.30122493207455,0.00048102810978889465,33.301705960184336,False,arc|MCAS_2013_8_29421|fixed_C,arc|MCAS_2013_8_29421|policy_C
arc,Mercury_7044100,100,R,0.6,3.5762786865234375e-07,454.0303300600499,252.13973294012249,201.8905971199274,C,D,D,0,0,0,False,False,32.80991385690868,0.00045099295675754547,32.81036484986544,False,arc|Mercury_7044100|fixed_C,arc|Mercury_7044100|policy_C
arc,Mercury_7241115,101,R,0.6,3.5762786865234375e-07,332.981341984123,254.3425669427961,78.63877504132688,C,B,B,0,0,0,False,False,33.344147028401494,0.00048102810978889465,33.34462805651128,False,arc|Mercury_7241115|fixed_C,arc|Mercury_7241115|policy_C
arc,Mercury_415263,102,C,0.6,3.5762786865234375e-07,393.13033502548933,426.1388049926609,-33.00846996717155,C,A,A,0,0,0,False,False,32.90325100533664,0.00041117891669273376,32.903662184253335,False,arc|Mercury_415263|fixed_C,arc|Mercury_415263|policy_C
arc,MCAS_2012_8_23636,103,C,0.6,3.5762786865234375e-07,331.9622909184545,364.8095859680325,-32.84729504957795,D,D,D,1,1,0,False,False,33.33676187321544,0.0004209578037261963,33.33718283101916,False,arc|MCAS_2012_8_23636|fixed_C,arc|MCAS_2012_8_23636|policy_C
arc,Mercury_7245893,104,R,0.6,3.5762786865234375e-07,330.08145820349455,250.74108294211328,79.34037526138127,B,B,B,1,1,0,False,False,32.76934684254229,0.00038999132812023163,32.76973683387041,False,arc|Mercury_7245893|fixed_C,arc|Mercury_7245893|policy_C
arc,Mercury_7139790,105,R,0.6,3.5762786865234375e-07,456.96896803565323,252.74698296561837,204.22198507003486,C,C,C,1,1,0,False,False,32.97033812850714,0.0004798639565706253,32.97081799246371,False,arc|Mercury_7139790|fixed_C,arc|Mercury_7139790|policy_C
arc,TIMSS_2011_8_pg63,106,C,0.6,3.5762786865234375e-07,331.42836997285485,362.4576600268483,-31.029290053993464,C,C,C,1,1,0,False,False,32.87901496514678,0.000491039827466011,32.879506004974246,False,arc|TIMSS_2011_8_pg63|fixed_C,arc|TIMSS_2011_8_pg63|policy_C
arc,MCAS_2006_9_33,107,R,0.6,3.5762786865234375e-07,770.595079055056,253.8543518166989,516.7407272383571,D,D,D,1,1,0,False,False,33.399922074750066,0.00047101639211177826,33.40039309114218,False,arc|MCAS_2006_9_33|fixed_C,arc|MCAS_2006_9_33|policy_C
arc,Mercury_184258,108,R,0.6,3.5762786865234375e-07,423.8950861617923,250.19979290664196,173.69529325515032,A,C,C,0,0,0,False,False,32.55186905153096,0.0004309695214033127,32.55230002105236,False,arc|Mercury_184258|fixed_C,arc|Mercury_184258|policy_C
arc,VASoL_2008_5_19,109,R,0.6,3.5762786865234375e-07,488.95576200447977,407.2554470039904,81.70031500048935,D,D,D,1,1,0,False,False,33.01390400156379,0.00047101639211177826,33.0143750179559,False,arc|VASoL_2008_5_19|fixed_C,arc|VASoL_2008_5_19|policy_C
arc,Mercury_7234483,110,C,0.6,3.5762786865234375e-07,612.7316190395504,647.1203279215842,-34.388708882033825,B,B,B,1,1,0,False,False,33.469146117568016,0.0004109460860490799,33.469557063654065,False,arc|Mercury_7234483|fixed_C,arc|Mercury_7234483|policy_C
arc,ACTAAP_2010_5_10,111,R,0.6,3.5762786865234375e-07,521.1050980724394,97.93399297632277,423.17110509611666,A,A,A,1,1,0,False,False,33.434150042012334,0.0004100147634744644,33.43456005677581,False,arc|ACTAAP_2010_5_10|fixed_C,arc|ACTAAP_2010_5_10|policy_C
arc,Mercury_7007875,112,C,0.6,3.5762786865234375e-07,423.6978630069643,456.19982690550387,-32.50196389853954,B,B,B,1,1,0,False,False,32.94148715212941,0.00046100467443466187,32.941948156803846,False,arc|Mercury_7007875|fixed_C,arc|Mercury_7007875|policy_C
arc,Mercury_180443,113,R,0.6,3.5762786865234375e-07,332.12765702046454,250.39323000237346,81.73442701809108,C,A,A,0,0,0,False,False,32.56942192092538,0.0003809109330177307,32.5698028318584,False,arc|Mercury_180443|fixed_C,arc|Mercury_180443|policy_C
arc,Mercury_7159268,114,C,0.6,3.5762786865234375e-07,334.8302880767733,368.2467851322144,-33.41649705544114,A,A,A,1,1,0,False,False,33.37426716461778,0.0004209578037261963,33.3746881224215,False,arc|Mercury_7159268|fixed_C,arc|Mercury_7159268|policy_C
arc,Mercury_7221865,115,R,0.6,3.5762786865234375e-07,627.1992928814143,257.66571913845837,369.5335737429559,C,C,C,1,1,0,False,False,33.43307785689831,0.0004209578037261963,33.433498814702034,False,arc|Mercury_7221865|fixed_C,arc|Mercury_7221865|policy_C
arc,Mercury_SC_401663,116,R,0.6,3.5762786865234375e-07,341.5928930044174,259.1696581803262,82.4232348240912,B,B,B,1,1,0,False,False,33.64000981673598,0.0006922055035829544,33.640702022239566,False,arc|Mercury_SC_401663|fixed_C,arc|Mercury_SC_401663|policy_C
arc,Mercury_184765,117,R,0.6,3.5762786865234375e-07,343.62754807807505,260.1086380891502,83.51890998892486,B,B,B,1,1,0,False,False,34.059084951877594,0.0004109460860490799,34.05949589796364,False,arc|Mercury_184765|fixed_C,arc|Mercury_184765|policy_C
arc,Mercury_7143518,118,C,0.6,3.5762786865234375e-07,344.7660650126636,377.8508729301393,-33.0848079174757,D,A,A,0,0,0,False,False,34.22503801994026,0.00046100467443466187,34.22549902461469,False,arc|Mercury_7143518|fixed_C,arc|Mercury_7143518|policy_C
arc,MCAS_2010_8_12010,119,R,0.6,3.5762786865234375e-07,567.8731219377369,260.84805792197585,307.025064015761,C,C,C,1,1,0,False,False,33.96234102547169,0.0005210749804973602,33.962862100452185,False,arc|MCAS_2010_8_12010|fixed_C,arc|MCAS_2010_8_12010|policy_C
arc,Mercury_7026443,120,C,0.6,3.5762786865234375e-07,725.324247032404,759.0335588902235,-33.70931185781956,D,INVALID,INVALID,0,0,0,True,True,34.09787802956998,0.0005310866981744766,34.09840911626816,False,arc|Mercury_7026443|fixed_C,arc|Mercury_7026443|policy_C
arc,Mercury_7250023,121,R,0.6,3.5762786865234375e-07,439.72852686420083,324.7764380648732,114.95208879932761,A,A,A,1,1,0,False,False,34.05248187482357,0.0005110632628202438,34.05299293808639,False,arc|Mercury_7250023|fixed_C,arc|Mercury_7250023|policy_C
arc,Mercury_SC_401714,122,C,0.6,3.5762786865234375e-07,343.8571218866855,378.1714600045234,-34.314338117837906,B,B,B,1,1,0,False,False,34.102647099643946,0.0004209578037261963,34.10306805744767,False,arc|Mercury_SC_401714|fixed_C,arc|Mercury_SC_401714|policy_C
arc,Mercury_7100695,123,R,0.6,3.5762786865234375e-07,468.11526408419013,258.5381919052452,209.57707217894495,D,D,D,1,1,0,False,False,33.486508997157216,0.0005408655852079391,33.487049862742424,False,arc|Mercury_7100695|fixed_C,arc|Mercury_7100695|policy_C
arc,ACTAAP_2007_7_25,124,C,0.6,3.5762786865234375e-07,343.9448778517544,377.62490496970713,-33.680027117952704,A,B,B,0,0,0,False,False,33.881126902997494,0.0004109460860490799,33.88153784908354,False,arc|ACTAAP_2007_7_25|fixed_C,arc|ACTAAP_2007_7_25|policy_C
arc,Mercury_7135310,125,C,0.6,3.5762786865234375e-07,692.1102339401841,726.3235300779343,-34.21329613775015,C,A,A,0,0,0,False,False,34.24735087901354,0.00045006163418293,34.24780094064772,False,arc|Mercury_7135310|fixed_C,arc|Mercury_7135310|policy_C
arc,Mercury_400905,126,C,0.6,3.5762786865234375e-07,344.281837111339,377.4237029720098,-33.141865860670805,D,A,A,0,0,0,False,False,34.26195797510445,0.0004209578037261963,34.26237893290818,False,arc|Mercury_400905|fixed_C,arc|Mercury_400905|policy_C
arc,Mercury_7159775,127,C,0.6,3.5762786865234375e-07,439.28210088051856,472.05968806520104,-32.77758718468249,A,INVALID,INVALID,0,0,0,True,True,34.15163001045585,0.0005909241735935211,34.15222093462944,False,arc|Mercury_7159775|fixed_C,arc|Mercury_7159775|policy_C
