pair,dataset,family,fold,action,fit_gain,fit_harm,fit_flips,fit_zero_gain_flips,delta_shrunk,fit_flip_rate,heldout_flips,heldout_gain,heldout_harm,heldout_zero_gain_flips,heldout_signed_gain_per_flip_DIAGNOSTIC,fit_panel_n,c_ref_ms,cost_proxy_ms
large,obqa,word,0,T,175,53,275,47,0.4404332129963899,0.0992063492063492,71,44,18,9,0.36619718309859156,202,252.59167826237632,962.3694355495052
large,obqa,word,0,C,56,113,230,61,-0.24568965517241378,0.08297258297258298,57,18,31,8,-0.22807017543859648,202,252.59167826237632,332.5386722524754
large,obqa,word,0,A,9,7,29,13,0.06451612903225806,0.010461760461760462,9,3,3,3,0.0,202,252.59167826237632,284.92593472277235
large,obqa,word,1,T,179,61,284,44,0.4125874125874126,0.10241615578795528,62,40,10,12,0.4838709677419355,199,252.15893893467336,964.3816770301509
large,obqa,word,1,C,58,115,229,56,-0.24675324675324675,0.08258204111071042,58,16,29,13,-0.22413793103448276,199,252.15893893467336,334.8506048442212
large,obqa,word,1,A,11,8,34,15,0.08333333333333333,0.012261089073205915,4,1,2,1,-0.25,199,252.15893893467336,284.6283454623117
large,obqa,word,2,T,171,60,280,49,0.39361702127659576,0.1009736747205193,66,48,11,7,0.5606060606060606,213,252.21100207981212,959.9771617464788
large,obqa,word,2,C,64,120,236,52,-0.23529411764705882,0.0851063829787234,51,10,24,17,-0.27450980392156865,213,252.21100207981212,331.3397817089203
large,obqa,word,2,A,7,10,28,11,-0.1,0.01009736747205193,10,5,0,5,0.5,213,252.21100207981212,285.64180882629125
large,obqa,word,3,T,180,59,281,42,0.4275618374558304,0.1013342949873783,65,39,12,14,0.4153846153846154,208,251.78001504807693,957.9958646875
large,obqa,word,3,C,60,114,227,53,-0.23580786026200873,0.08186080057699242,60,14,30,16,-0.26666666666666666,208,251.78001504807693,336.5149266730772
large,obqa,word,3,A,11,9,34,14,0.05555555555555555,0.012261089073205915,4,1,1,2,0.0,208,251.78001504807693,284.3780069423077
large,obqa,word,4,T,171,51,264,42,0.45112781954887216,0.09520375045077534,82,48,20,14,0.34146341463414637,202,253.0488131782179,962.9486578762378
large,obqa,word,4,C,58,114,226,54,-0.24561403508771928,0.08150018031013342,61,16,30,15,-0.22950819672131148,202,253.0488131782179,326.6106963811882
large,obqa,word,4,A,10,6,27,11,0.13793103448275862,0.009736747205192933,11,2,4,5,-0.18181818181818182,202,253.0488131782179,286.167261559406
large,obqa,semantic,0,T,175,53,275,47,0.4404332129963899,0.0992063492063492,71,44,18,9,0.36619718309859156,202,252.59167826237632,962.3694355495052
large,obqa,semantic,0,C,56,113,230,61,-0.24568965517241378,0.08297258297258298,57,18,31,8,-0.22807017543859648,202,252.59167826237632,332.5386722524754
large,obqa,semantic,0,A,9,7,29,13,0.06451612903225806,0.010461760461760462,9,3,3,3,0.0,202,252.59167826237632,284.92593472277235
large,obqa,semantic,1,T,179,61,284,44,0.4125874125874126,0.10241615578795528,62,40,10,12,0.4838709677419355,199,252.15893893467336,964.3816770301509
large,obqa,semantic,1,C,58,115,229,56,-0.24675324675324675,0.08258204111071042,58,16,29,13,-0.22413793103448276,199,252.15893893467336,334.8506048442212
large,obqa,semantic,1,A,11,8,34,15,0.08333333333333333,0.012261089073205915,4,1,2,1,-0.25,199,252.15893893467336,284.6283454623117
large,obqa,semantic,2,T,171,60,280,49,0.39361702127659576,0.1009736747205193,66,48,11,7,0.5606060606060606,213,252.21100207981212,959.9771617464788
large,obqa,semantic,2,C,64,120,236,52,-0.23529411764705882,0.0851063829787234,51,10,24,17,-0.27450980392156865,213,252.21100207981212,331.3397817089203
large,obqa,semantic,2,A,7,10,28,11,-0.1,0.01009736747205193,10,5,0,5,0.5,213,252.21100207981212,285.64180882629125
large,obqa,semantic,3,T,180,59,281,42,0.4275618374558304,0.1013342949873783,65,39,12,14,0.4153846153846154,208,251.78001504807693,957.9958646875
large,obqa,semantic,3,C,60,114,227,53,-0.23580786026200873,0.08186080057699242,60,14,30,16,-0.26666666666666666,208,251.78001504807693,336.5149266730772
large,obqa,semantic,3,A,11,9,34,14,0.05555555555555555,0.012261089073205915,4,1,1,2,0.0,208,251.78001504807693,284.3780069423077
large,obqa,semantic,4,T,171,51,264,42,0.45112781954887216,0.09520375045077534,82,48,20,14,0.34146341463414637,202,253.0488131782179,962.9486578762378
large,obqa,semantic,4,C,58,114,226,54,-0.24561403508771928,0.08150018031013342,61,16,30,15,-0.22950819672131148,202,253.0488131782179,326.6106963811882
large,obqa,semantic,4,A,10,6,27,11,0.13793103448275862,0.009736747205192933,11,2,4,5,-0.18181818181818182,202,253.0488131782179,286.167261559406
large,arc,word,0,T,21,9,32,2,0.35294117647058826,0.035754189944134075,12,7,4,1,0.25,204,266.4753135294118,1028.6356951274506
large,arc,word,0,C,13,20,43,10,-0.15555555555555556,0.048044692737430165,9,3,4,2,-0.1111111111111111,204,266.4753135294118,430.11649181862765
large,arc,word,0,A,1,2,6,3,-0.125,0.0067039106145251395,2,0,2,0,-1.0,204,266.4753135294118,308.7584964803922
large,arc,word,1,T,23,13,38,2,0.25,0.042458100558659215,6,5,0,1,0.8333333333333334,212,267.35789088679246,1036.0068702311319
large,arc,word,1,C,12,22,44,10,-0.21739130434782608,0.049162011173184354,8,4,2,2,0.25,212,267.35789088679246,428.9610099198115
large,arc,word,1,A,1,4,7,2,-0.3333333333333333,0.00782122905027933,1,0,0,1,0.0,212,267.35789088679246,309.60408976415084
large,arc,word,2,T,23,8,34,3,0.4166666666666667,0.03798882681564246,10,5,5,0,0.0,207,267.45587863768117,1024.1591740289855
large,arc,word,2,C,15,20,43,8,-0.1111111111111111,0.048044692737430165,9,1,4,4,-0.3333333333333333,207,267.45587863768117,429.666449594203
large,arc,word,2,A,1,3,7,3,-0.2222222222222222,0.00782122905027933,1,0,1,0,-1.0,207,267.45587863768117,308.949050468599
large,arc,word,3,T,23,10,35,2,0.35135135135135137,0.03910614525139665,9,5,3,1,0.2222222222222222,195,266.9697316769231,1019.6377727846154
large,arc,word,3,C,10,18,37,9,-0.20512820512820512,0.041340782122905026,15,6,6,3,0.0,195,266.9697316769231,419.8402246153849
large,arc,word,3,A,0,3,4,1,-0.5,0.004469273743016759,4,1,1,2,0.0,195,266.9697316769231,298.0958717025642
large,arc,word,4,T,22,12,37,3,0.2564102564102564,0.041294642857142856,7,6,1,0,0.7142857142857143,206,266.42719099514574,1029.2916179805827
large,arc,word,4,C,14,16,41,11,-0.046511627906976744,0.04575892857142857,11,2,8,1,-0.5454545454545454,206,266.42719099514574,417.952242446602
large,arc,word,4,A,1,4,8,3,-0.3,0.008928571428571428,0,0,0,0,NA,206,266.42719099514574,308.8783718786408
large,arc,semantic,0,T,21,9,32,2,0.35294117647058826,0.035754189944134075,12,7,4,1,0.25,204,266.4753135294118,1028.6356951274506
large,arc,semantic,0,C,13,20,43,10,-0.15555555555555556,0.048044692737430165,9,3,4,2,-0.1111111111111111,204,266.4753135294118,430.11649181862765
large,arc,semantic,0,A,1,2,6,3,-0.125,0.0067039106145251395,2,0,2,0,-1.0,204,266.4753135294118,308.7584964803922
large,arc,semantic,1,T,23,13,38,2,0.25,0.042458100558659215,6,5,0,1,0.8333333333333334,212,267.35789088679246,1036.0068702311319
large,arc,semantic,1,C,12,22,44,10,-0.21739130434782608,0.049162011173184354,8,4,2,2,0.25,212,267.35789088679246,428.9610099198115
large,arc,semantic,1,A,1,4,7,2,-0.3333333333333333,0.00782122905027933,1,0,0,1,0.0,212,267.35789088679246,309.60408976415084
large,arc,semantic,2,T,23,8,34,3,0.4166666666666667,0.03798882681564246,10,5,5,0,0.0,207,267.45587863768117,1024.1591740289855
large,arc,semantic,2,C,15,20,43,8,-0.1111111111111111,0.048044692737430165,9,1,4,4,-0.3333333333333333,207,267.45587863768117,429.666449594203
large,arc,semantic,2,A,1,3,7,3,-0.2222222222222222,0.00782122905027933,1,0,1,0,-1.0,207,267.45587863768117,308.949050468599
large,arc,semantic,3,T,23,10,35,2,0.35135135135135137,0.03910614525139665,9,5,3,1,0.2222222222222222,195,266.9697316769231,1019.6377727846154
large,arc,semantic,3,C,10,18,37,9,-0.20512820512820512,0.041340782122905026,15,6,6,3,0.0,195,266.9697316769231,419.8402246153849
large,arc,semantic,3,A,0,3,4,1,-0.5,0.004469273743016759,4,1,1,2,0.0,195,266.9697316769231,298.0958717025642
large,arc,semantic,4,T,22,12,37,3,0.2564102564102564,0.041294642857142856,7,6,1,0,0.7142857142857143,206,266.42719099514574,1029.2916179805827
large,arc,semantic,4,C,14,16,41,11,-0.046511627906976744,0.04575892857142857,11,2,8,1,-0.5454545454545454,206,266.42719099514574,417.952242446602
large,arc,semantic,4,A,1,4,8,3,-0.3,0.008928571428571428,0,0,0,0,NA,206,266.42719099514574,308.8783718786408
small,obqa,word,0,T,508,292,1252,452,0.1722488038277512,0.45165945165945165,323,124,93,106,0.09597523219814241,202,313.81514707425737,865.9950805099006
small,obqa,word,0,C,614,250,1304,440,0.2787136294027565,0.4704184704184704,334,148,73,113,0.2245508982035928,202,313.81514707425737,372.32622966831667
small,obqa,word,0,A,26,39,181,116,-0.07103825136612021,0.0652958152958153,59,7,14,38,-0.11864406779661017,202,313.81514707425737,329.45878848514855
small,obqa,word,1,T,506,318,1271,447,0.1476826394344069,0.45834835917778577,304,126,67,111,0.19407894736842105,199,320.5547654824121,908.9882980552762
small,obqa,word,1,C,606,262,1299,431,0.2644119907763259,0.46844572664983775,339,156,61,122,0.28023598820059,199,320.5547654824121,369.89892350251256
small,obqa,word,1,A,23,46,199,130,-0.11442786069651742,0.0717634331049405,41,10,7,24,0.07317073170731707,199,320.5547654824121,337.3106758391958
small,obqa,word,2,T,497,317,1273,459,0.1411764705882353,0.4590695997115038,302,135,68,99,0.22185430463576158,213,321.6194696807512,879.0658827417839
small,obqa,word,2,C,611,265,1329,453,0.2599549211119459,0.47926433465560764,309,151,58,100,0.30097087378640774,213,321.6194696807512,373.99939545539894
small,obqa,word,2,A,29,42,192,121,-0.06701030927835051,0.06923909123692752,48,4,11,33,-0.14583333333333334,213,321.6194696807512,338.2326228450704
small,obqa,word,3,T,505,302,1256,449,0.16136724960254373,0.45293905517490085,319,127,83,109,0.13793103448275862,208,319.63620920192295,894.5135482548075
small,obqa,word,3,C,605,261,1312,446,0.2617960426179604,0.4731337901190047,326,157,62,107,0.29141104294478526,208,319.63620920192295,373.59711827884615
small,obqa,word,3,A,26,43,189,120,-0.08900523560209424,0.06815723043635052,51,7,10,34,-0.058823529411764705,208,319.63620920192295,338.46573824519226
small,obqa,word,4,T,512,311,1248,425,0.1608,0.45005409304002886,327,120,74,133,0.14067278287461774,202,321.5340844950495,871.4604724504956
small,obqa,word,4,C,612,254,1308,442,0.2732824427480916,0.4716913090515687,330,150,69,111,0.24545454545454545,202,321.5340844950495,368.4438793267324
small,obqa,word,4,A,28,42,199,129,-0.06965174129353234,0.0717634331049405,41,5,11,25,-0.14634146341463414,202,321.5340844950495,337.8503476287127
small,obqa,semantic,0,T,508,292,1252,452,0.1722488038277512,0.45165945165945165,323,124,93,106,0.09597523219814241,202,313.81514707425737,865.9950805099006
small,obqa,semantic,0,C,614,250,1304,440,0.2787136294027565,0.4704184704184704,334,148,73,113,0.2245508982035928,202,313.81514707425737,372.32622966831667
small,obqa,semantic,0,A,26,39,181,116,-0.07103825136612021,0.0652958152958153,59,7,14,38,-0.11864406779661017,202,313.81514707425737,329.45878848514855
small,obqa,semantic,1,T,506,318,1271,447,0.1476826394344069,0.45834835917778577,304,126,67,111,0.19407894736842105,199,320.5547654824121,908.9882980552762
small,obqa,semantic,1,C,606,262,1299,431,0.2644119907763259,0.46844572664983775,339,156,61,122,0.28023598820059,199,320.5547654824121,369.89892350251256
small,obqa,semantic,1,A,23,46,199,130,-0.11442786069651742,0.0717634331049405,41,10,7,24,0.07317073170731707,199,320.5547654824121,337.3106758391958
small,obqa,semantic,2,T,497,317,1273,459,0.1411764705882353,0.4590695997115038,302,135,68,99,0.22185430463576158,213,321.6194696807512,879.0658827417839
small,obqa,semantic,2,C,611,265,1329,453,0.2599549211119459,0.47926433465560764,309,151,58,100,0.30097087378640774,213,321.6194696807512,373.99939545539894
small,obqa,semantic,2,A,29,42,192,121,-0.06701030927835051,0.06923909123692752,48,4,11,33,-0.14583333333333334,213,321.6194696807512,338.2326228450704
small,obqa,semantic,3,T,505,302,1256,449,0.16136724960254373,0.45293905517490085,319,127,83,109,0.13793103448275862,208,319.63620920192295,894.5135482548075
small,obqa,semantic,3,C,605,261,1312,446,0.2617960426179604,0.4731337901190047,326,157,62,107,0.29141104294478526,208,319.63620920192295,373.59711827884615
small,obqa,semantic,3,A,26,43,189,120,-0.08900523560209424,0.06815723043635052,51,7,10,34,-0.058823529411764705,208,319.63620920192295,338.46573824519226
small,obqa,semantic,4,T,512,311,1248,425,0.1608,0.45005409304002886,327,120,74,133,0.14067278287461774,202,321.5340844950495,871.4604724504956
small,obqa,semantic,4,C,612,254,1308,442,0.2732824427480916,0.4716913090515687,330,150,69,111,0.24545454545454545,202,321.5340844950495,368.4438793267324
small,obqa,semantic,4,A,28,42,199,129,-0.06965174129353234,0.0717634331049405,41,5,11,25,-0.14634146341463414,202,321.5340844950495,337.8503476287127
small,arc,word,0,T,192,100,453,161,0.2021978021978022,0.506145251396648,125,51,37,37,0.112,204,344.2824943578433,1233.6181180882356
small,arc,word,0,C,260,67,501,174,0.3836978131212724,0.5597765363128492,114,68,14,32,0.47368421052631576,204,344.2824943578433,433.17237068137246
small,arc,word,0,A,16,27,114,71,-0.09482758620689655,0.12737430167597766,26,3,4,19,-0.038461538461538464,204,344.2824943578433,355.0141598921569
small,arc,word,1,T,190,109,463,164,0.17419354838709677,0.5173184357541899,115,53,28,34,0.21739130434782608,212,341.16437464622646,1264.738745971699
small,arc,word,1,C,268,63,492,161,0.4149797570850202,0.5497206703910614,123,60,18,45,0.34146341463414637,212,341.16437464622646,431.91222843867916
small,arc,word,1,A,13,27,119,79,-0.11570247933884298,0.1329608938547486,21,6,4,11,0.09523809523809523,212,341.16437464622646,355.8127215990565
small,arc,word,2,T,196,116,453,141,0.17582417582417584,0.506145251396648,125,47,21,57,0.208,207,339.7596079951691,1241.5581571932369
small,arc,word,2,C,258,65,481,158,0.3995859213250518,0.5374301675977654,134,70,16,48,0.40298507462686567,207,339.7596079951691,430.3349634202899
small,arc,word,2,A,16,23,105,66,-0.06542056074766354,0.11731843575418995,35,3,8,24,-0.14285714285714285,207,339.7596079951691,351.2159913961352
small,arc,word,3,T,194,114,467,159,0.17057569296375266,0.5217877094972067,111,49,23,39,0.23423423423423423,195,342.9615180307694,1246.6177881589747
small,arc,word,3,C,263,63,488,162,0.40816326530612246,0.5452513966480447,127,65,18,44,0.3700787401574803,195,342.9615180307694,432.56004350769234
small,arc,word,3,A,14,22,108,72,-0.07272727272727272,0.12067039106145251,32,5,9,18,-0.125,195,342.9615180307694,352.03190368717947
small,arc,word,4,T,200,109,476,167,0.1903765690376569,0.53125,102,43,28,31,0.14705882352941177,206,337.69753960679617,1277.2051669223306
small,arc,word,4,C,263,66,498,169,0.394,0.5558035714285714,117,65,15,37,0.42735042735042733,206,337.69753960679617,432.4529952815533
small,arc,word,4,A,17,25,114,72,-0.06896551724137931,0.12723214285714285,26,2,6,18,-0.15384615384615385,206,337.69753960679617,351.7282220825242
small,arc,semantic,0,T,192,100,453,161,0.2021978021978022,0.506145251396648,125,51,37,37,0.112,204,344.2824943578433,1233.6181180882356
small,arc,semantic,0,C,260,67,501,174,0.3836978131212724,0.5597765363128492,114,68,14,32,0.47368421052631576,204,344.2824943578433,433.17237068137246
small,arc,semantic,0,A,16,27,114,71,-0.09482758620689655,0.12737430167597766,26,3,4,19,-0.038461538461538464,204,344.2824943578433,355.0141598921569
small,arc,semantic,1,T,190,109,463,164,0.17419354838709677,0.5173184357541899,115,53,28,34,0.21739130434782608,212,341.16437464622646,1264.738745971699
small,arc,semantic,1,C,268,63,492,161,0.4149797570850202,0.5497206703910614,123,60,18,45,0.34146341463414637,212,341.16437464622646,431.91222843867916
small,arc,semantic,1,A,13,27,119,79,-0.11570247933884298,0.1329608938547486,21,6,4,11,0.09523809523809523,212,341.16437464622646,355.8127215990565
small,arc,semantic,2,T,196,116,453,141,0.17582417582417584,0.506145251396648,125,47,21,57,0.208,207,339.7596079951691,1241.5581571932369
small,arc,semantic,2,C,258,65,481,158,0.3995859213250518,0.5374301675977654,134,70,16,48,0.40298507462686567,207,339.7596079951691,430.3349634202899
small,arc,semantic,2,A,16,23,105,66,-0.06542056074766354,0.11731843575418995,35,3,8,24,-0.14285714285714285,207,339.7596079951691,351.2159913961352
small,arc,semantic,3,T,194,114,467,159,0.17057569296375266,0.5217877094972067,111,49,23,39,0.23423423423423423,195,342.9615180307694,1246.6177881589747
small,arc,semantic,3,C,263,63,488,162,0.40816326530612246,0.5452513966480447,127,65,18,44,0.3700787401574803,195,342.9615180307694,432.56004350769234
small,arc,semantic,3,A,14,22,108,72,-0.07272727272727272,0.12067039106145251,32,5,9,18,-0.125,195,342.9615180307694,352.03190368717947
small,arc,semantic,4,T,200,109,476,167,0.1903765690376569,0.53125,102,43,28,31,0.14705882352941177,206,337.69753960679617,1277.2051669223306
small,arc,semantic,4,C,263,66,498,169,0.394,0.5558035714285714,117,65,15,37,0.42735042735042733,206,337.69753960679617,432.4529952815533
small,arc,semantic,4,A,17,25,114,72,-0.06896551724137931,0.12723214285714285,26,2,6,18,-0.15384615384615385,206,337.69753960679617,351.7282220825242
