role	pair	dataset	family	fold	path	sha256	source	status
baseline_C	large	obqa	word	NA	$DATA_DIR/P2_V2_BASELINES_FFR_E0_20260913T000052Z/baseline/large/obqa/word_C_V2.joblib	fc60e4178b83767f6d66ebecf238f39ea700c34b80e57451b7be42eebd42dd97	$DATA_DIR/P2_10_20260911T122423Z/results/large/obqa/models/word.joblib	COMPLETE
baseline_bundle	large	obqa	word	NA	$DATA_DIR/P2_V2_BASELINES_FFR_E0_20260913T000052Z/baseline/large/obqa/word_V2.joblib	5a33d4d1379cb875b57388a00d785d7ef81377c979018234dd386b36391de26b	$DATA_DIR/P2_10_20260911T122423Z/results/large/obqa/models/word.joblib	COMPLETE
baseline_C	large	obqa	semantic	NA	$DATA_DIR/P2_V2_BASELINES_FFR_E0_20260913T000052Z/baseline/large/obqa/semantic_C_V2.joblib	6c9268f3e25985ebe7b1e433763efb448fa99a5b0f5a27a31a8a3eff3e474e56	$DATA_DIR/P2_10_20260911T122423Z/results/large/obqa/models/semantic.joblib	COMPLETE
baseline_bundle	large	obqa	semantic	NA	$DATA_DIR/P2_V2_BASELINES_FFR_E0_20260913T000052Z/baseline/large/obqa/semantic_V2.joblib	c1f38646d6cbae26794790656aa33825627005597b999ff841e24ef3bb01aff0	$DATA_DIR/P2_10_20260911T122423Z/results/large/obqa/models/semantic.joblib	COMPLETE
baseline_C	small	obqa	word	NA	$DATA_DIR/P2_V2_BASELINES_FFR_E0_20260913T000052Z/baseline/small/obqa/word_C_V2.joblib	4e7446d27c0d5acf7d5fe6af70e469ccd04a934571d1b21559cef2fff82980c9	$DATA_DIR/P2_10_20260911T122423Z/results/small/obqa/models/word.joblib	COMPLETE
baseline_bundle	small	obqa	word	NA	$DATA_DIR/P2_V2_BASELINES_FFR_E0_20260913T000052Z/baseline/small/obqa/word_V2.joblib	6428f2b532313a806a106c60aa093b71074e610665692bfd8c7148e2c6831cb3	$DATA_DIR/P2_10_20260911T122423Z/results/small/obqa/models/word.joblib	COMPLETE
baseline_C	small	obqa	semantic	NA	$DATA_DIR/P2_V2_BASELINES_FFR_E0_20260913T000052Z/baseline/small/obqa/semantic_C_V2.joblib	5b01aec0457349eb822d21efdfa929981f085536bcf2a9edbb90e00eb136b155	$DATA_DIR/P2_10_20260911T122423Z/results/small/obqa/models/semantic.joblib	COMPLETE
baseline_bundle	small	obqa	semantic	NA	$DATA_DIR/P2_V2_BASELINES_FFR_E0_20260913T000052Z/baseline/small/obqa/semantic_V2.joblib	6b8b1a0c590e2a4808b41f926c42e4b66905b2d13920dadaf1aa7c765f85277d	$DATA_DIR/P2_10_20260911T122423Z/results/small/obqa/models/semantic.joblib	COMPLETE
baseline_C	large	arc	word	NA	$DATA_DIR/P2_V2_BASELINES_FFR_E0_20260913T000052Z/baseline/large/arc/word_C_V2.joblib	9fa9852ba282bdf98f7da05088a046cabada7d672f22e92fc27397ea7877d737	$DATA_DIR/P2_10_20260911T122423Z/results/large/arc/models/word.joblib	COMPLETE
baseline_bundle	large	arc	word	NA	$DATA_DIR/P2_V2_BASELINES_FFR_E0_20260913T000052Z/baseline/large/arc/word_V2.joblib	40738033917bb4f4d2206bf88c6f0125390a268edecbfe4747f87fe039557e33	$DATA_DIR/P2_10_20260911T122423Z/results/large/arc/models/word.joblib	COMPLETE
baseline_C	large	arc	semantic	NA	$DATA_DIR/P2_V2_BASELINES_FFR_E0_20260913T000052Z/baseline/large/arc/semantic_C_V2.joblib	810419fdd1d5978061cbaf5f34b650fb11c1eb9de541b62589ad78f61adc4539	$DATA_DIR/P2_10_20260911T122423Z/results/large/arc/models/semantic.joblib	COMPLETE
baseline_bundle	large	arc	semantic	NA	$DATA_DIR/P2_V2_BASELINES_FFR_E0_20260913T000052Z/baseline/large/arc/semantic_V2.joblib	a078131989c2b4193c1bd9872ceafa014b1ca7da0b62d90b0cd5ce1d944fdcd8	$DATA_DIR/P2_10_20260911T122423Z/results/large/arc/models/semantic.joblib	COMPLETE
baseline_C	small	arc	word	NA	$DATA_DIR/P2_V2_BASELINES_FFR_E0_20260913T000052Z/baseline/small/arc/word_C_V2.joblib	eb041e1a6dab33f96b963200ec605c42234340cdc6cea1b43bdfe2ae8bff623e	$DATA_DIR/P2_10_20260911T122423Z/results/small/arc/models/word.joblib	COMPLETE
baseline_bundle	small	arc	word	NA	$DATA_DIR/P2_V2_BASELINES_FFR_E0_20260913T000052Z/baseline/small/arc/word_V2.joblib	33612cd4f65903c87ea30849eaf4265dc25b96a51d2e14def473cbf5dfcfdd48	$DATA_DIR/P2_10_20260911T122423Z/results/small/arc/models/word.joblib	COMPLETE
baseline_C	small	arc	semantic	NA	$DATA_DIR/P2_V2_BASELINES_FFR_E0_20260913T000052Z/baseline/small/arc/semantic_C_V2.joblib	a32572843f561ea25af452868608174642e022bec85140e4a175b916c18fdf89	$DATA_DIR/P2_10_20260911T122423Z/results/small/arc/models/semantic.joblib	COMPLETE
baseline_bundle	small	arc	semantic	NA	$DATA_DIR/P2_V2_BASELINES_FFR_E0_20260913T000052Z/baseline/small/arc/semantic_V2.joblib	692b24c6f1a995666458d8bb34a792a72864aeb2961c3aa6f73f17c24c1b8a7f	$DATA_DIR/P2_10_20260911T122423Z/results/small/arc/models/semantic.joblib	COMPLETE
FFR_T	large	obqa	word	0	$DATA_DIR/P2_V2_BASELINES_FFR_E0_20260913T000052Z/oof/obqa/word/fold0/large/FFR_T.joblib	2869ddc3ccce45c13761d3da51dd20bdb7493abf5de32ee3535e84d7a88b39c7	frozen train fold only	COMPLETE
FFR_C	large	obqa	word	0	$DATA_DIR/P2_V2_BASELINES_FFR_E0_20260913T000052Z/oof/obqa/word/fold0/large/FFR_C.joblib	bb6fa4a5917f1328da2fa9cfd6f03a7ba5e2fd1528e324dce560b21ebc5f9d42	frozen train fold only	COMPLETE
FFR_A	large	obqa	word	0	$DATA_DIR/P2_V2_BASELINES_FFR_E0_20260913T000052Z/oof/obqa/word/fold0/large/FFR_A.joblib	6666471dacc5a54a72c19ea6e6faf6e10474c62f413671ebd34bd1453106dd32	frozen train fold only	COMPLETE
IndepLR_R	large	obqa	word	0	$DATA_DIR/P2_V2_BASELINES_FFR_E0_20260913T000052Z/oof/obqa/word/fold0/large/IndepLR_R.joblib	41fccc5c663841b121cc1d46b3863f299e5cc74a8d7ce389e831a3946aa456ec	frozen train fold only	COMPLETE
IndepLR_T	large	obqa	word	0	$DATA_DIR/P2_V2_BASELINES_FFR_E0_20260913T000052Z/oof/obqa/word/fold0/large/IndepLR_T.joblib	30eb718941dd2c2487ef35e0bfe2dc347f2a7ab3e6aa6d9700caf667ce5d3a98	frozen train fold only	COMPLETE
IndepLR_C	large	obqa	word	0	$DATA_DIR/P2_V2_BASELINES_FFR_E0_20260913T000052Z/oof/obqa/word/fold0/large/IndepLR_C.joblib	152fbac9160481ceb1ebc41eee597ca14e14a175e86468510538fae08509c63b	frozen train fold only	COMPLETE
IndepLR_A	large	obqa	word	0	$DATA_DIR/P2_V2_BASELINES_FFR_E0_20260913T000052Z/oof/obqa/word/fold0/large/IndepLR_A.joblib	785205fb249792baf2b37a5d3e3838687162407402f30ce6c45f7f596d8cbb0f	frozen train fold only	COMPLETE
FFR_T	small	obqa	word	0	$DATA_DIR/P2_V2_BASELINES_FFR_E0_20260913T000052Z/oof/obqa/word/fold0/small/FFR_T.joblib	028958e25b7a8dd754b9f826306b651d95963a79a8b67d1add2c6bd099c1aef0	frozen train fold only	COMPLETE
FFR_C	small	obqa	word	0	$DATA_DIR/P2_V2_BASELINES_FFR_E0_20260913T000052Z/oof/obqa/word/fold0/small/FFR_C.joblib	2570a427cf1df7878153b51452e4cc3672308d292f8f7a0426bf76959ca2c8aa	frozen train fold only	COMPLETE
FFR_A	small	obqa	word	0	$DATA_DIR/P2_V2_BASELINES_FFR_E0_20260913T000052Z/oof/obqa/word/fold0/small/FFR_A.joblib	5cfaceaea2d9f907439b7f6e7db224e78b16b4531d6f035e30a7ea27e7540ac1	frozen train fold only	COMPLETE
IndepLR_R	small	obqa	word	0	$DATA_DIR/P2_V2_BASELINES_FFR_E0_20260913T000052Z/oof/obqa/word/fold0/small/IndepLR_R.joblib	f78285ef20783e39071dd1f9db60831f08200397e8f56648d0fecf268a70d2ba	frozen train fold only	COMPLETE
IndepLR_T	small	obqa	word	0	$DATA_DIR/P2_V2_BASELINES_FFR_E0_20260913T000052Z/oof/obqa/word/fold0/small/IndepLR_T.joblib	43731254ad848b35fb31089f3ebeeb18ce9c54f86c69617e30543fca345cbff0	frozen train fold only	COMPLETE
IndepLR_C	small	obqa	word	0	$DATA_DIR/P2_V2_BASELINES_FFR_E0_20260913T000052Z/oof/obqa/word/fold0/small/IndepLR_C.joblib	28d56dfa16f365081aa495dc705413b4e9716dddd66492c7263704381c85f79f	frozen train fold only	COMPLETE
IndepLR_A	small	obqa	word	0	$DATA_DIR/P2_V2_BASELINES_FFR_E0_20260913T000052Z/oof/obqa/word/fold0/small/IndepLR_A.joblib	c3a9a2ddf88a9ba99f6a4984a4f80eb5079bf26a72349989608de62619f871af	frozen train fold only	COMPLETE
FFR_T	large	obqa	word	1	$DATA_DIR/P2_V2_BASELINES_FFR_E0_20260913T000052Z/oof/obqa/word/fold1/large/FFR_T.joblib	9527ef4156f93d9262cf838136a9b5a44b52b82c2ecde3307a4377db585909bb	frozen train fold only	COMPLETE
FFR_C	large	obqa	word	1	$DATA_DIR/P2_V2_BASELINES_FFR_E0_20260913T000052Z/oof/obqa/word/fold1/large/FFR_C.joblib	31756cb4b79f3d01c5bf6f70a97779419484ed75156fb04e34822c378ee73237	frozen train fold only	COMPLETE
FFR_A	large	obqa	word	1	$DATA_DIR/P2_V2_BASELINES_FFR_E0_20260913T000052Z/oof/obqa/word/fold1/large/FFR_A.joblib	e664d6a1d9c1f11f1a0494375d1d3c54abde248c529249b13c05742cdb12b39f	frozen train fold only	COMPLETE
IndepLR_R	large	obqa	word	1	$DATA_DIR/P2_V2_BASELINES_FFR_E0_20260913T000052Z/oof/obqa/word/fold1/large/IndepLR_R.joblib	9fa609ce25f6cf8f3b7c030cb5d9a9d08ed9cec99478cd5b1d4def07d8f84715	frozen train fold only	COMPLETE
IndepLR_T	large	obqa	word	1	$DATA_DIR/P2_V2_BASELINES_FFR_E0_20260913T000052Z/oof/obqa/word/fold1/large/IndepLR_T.joblib	6b7f6d9232338fc1f181a78ed7556d77b575e3d93ee371f661cfbacfd7fee515	frozen train fold only	COMPLETE
IndepLR_C	large	obqa	word	1	$DATA_DIR/P2_V2_BASELINES_FFR_E0_20260913T000052Z/oof/obqa/word/fold1/large/IndepLR_C.joblib	c6d712a4941dd022a84dc8c5da1a592ba645e8187f7b6efd799a2fe8219b7bfb	frozen train fold only	COMPLETE
IndepLR_A	large	obqa	word	1	$DATA_DIR/P2_V2_BASELINES_FFR_E0_20260913T000052Z/oof/obqa/word/fold1/large/IndepLR_A.joblib	9ed463851c0529ab3983184c3737ba916a5a74c1d5b58296494776be996f2b74	frozen train fold only	COMPLETE
FFR_T	small	obqa	word	1	$DATA_DIR/P2_V2_BASELINES_FFR_E0_20260913T000052Z/oof/obqa/word/fold1/small/FFR_T.joblib	98b2a79bc91c56b082e617e0960ea389a3036890638b3ec0b9af77d9cd86effc	frozen train fold only	COMPLETE
FFR_C	small	obqa	word	1	$DATA_DIR/P2_V2_BASELINES_FFR_E0_20260913T000052Z/oof/obqa/word/fold1/small/FFR_C.joblib	05a59f31965ddbb6a112e26ce15d101d93cea1073734110e89e4ddf03dc0d4d1	frozen train fold only	COMPLETE
FFR_A	small	obqa	word	1	$DATA_DIR/P2_V2_BASELINES_FFR_E0_20260913T000052Z/oof/obqa/word/fold1/small/FFR_A.joblib	12ffbc5aff0190fa9bdd82a34c417c09316991e4a9369d4260e27fdd68fde275	frozen train fold only	COMPLETE
IndepLR_R	small	obqa	word	1	$DATA_DIR/P2_V2_BASELINES_FFR_E0_20260913T000052Z/oof/obqa/word/fold1/small/IndepLR_R.joblib	db248279d946f396d77809ff994cf6e6177cbe85920c62c39bc5a5a2499869cc	frozen train fold only	COMPLETE
IndepLR_T	small	obqa	word	1	$DATA_DIR/P2_V2_BASELINES_FFR_E0_20260913T000052Z/oof/obqa/word/fold1/small/IndepLR_T.joblib	bf1e07efb9c9e01f0ddcbca80695ac1771763c4f42f918df40a6f791c2545383	frozen train fold only	COMPLETE
IndepLR_C	small	obqa	word	1	$DATA_DIR/P2_V2_BASELINES_FFR_E0_20260913T000052Z/oof/obqa/word/fold1/small/IndepLR_C.joblib	c58725b6e7fb6f870848c5283f1b4b3ffa103b7e0096cb4504e488c595863fcd	frozen train fold only	COMPLETE
IndepLR_A	small	obqa	word	1	$DATA_DIR/P2_V2_BASELINES_FFR_E0_20260913T000052Z/oof/obqa/word/fold1/small/IndepLR_A.joblib	be4e257360440c6e120b7dafc4d82ce5b40d9b685d4e6d9a075b24f32bbab5d9	frozen train fold only	COMPLETE
FFR_T	large	obqa	word	2	$DATA_DIR/P2_V2_BASELINES_FFR_E0_20260913T000052Z/oof/obqa/word/fold2/large/FFR_T.joblib	5445328c5d9133532cf85e30adcc74651febf38189b6182b0227e5017b2de7e6	frozen train fold only	COMPLETE
FFR_C	large	obqa	word	2	$DATA_DIR/P2_V2_BASELINES_FFR_E0_20260913T000052Z/oof/obqa/word/fold2/large/FFR_C.joblib	8c80e424971914c524fff19d346c696d931b2aad956969675918a6af73a8816c	frozen train fold only	COMPLETE
FFR_A	large	obqa	word	2	$DATA_DIR/P2_V2_BASELINES_FFR_E0_20260913T000052Z/oof/obqa/word/fold2/large/FFR_A.joblib	1b3a5c83fd67fccc20ccf7e6c60b5e232543f498c0eb558d5d87f9d97ec6b38a	frozen train fold only	COMPLETE
IndepLR_R	large	obqa	word	2	$DATA_DIR/P2_V2_BASELINES_FFR_E0_20260913T000052Z/oof/obqa/word/fold2/large/IndepLR_R.joblib	602e394229a8fccf50baf3639dfdc670015815061858d57eaf0e2b512b9f626f	frozen train fold only	COMPLETE
IndepLR_T	large	obqa	word	2	$DATA_DIR/P2_V2_BASELINES_FFR_E0_20260913T000052Z/oof/obqa/word/fold2/large/IndepLR_T.joblib	eeb983dd37c86943210ea2a1074f518bde51ad5be6acb295c8d26cf8f648b52c	frozen train fold only	COMPLETE
IndepLR_C	large	obqa	word	2	$DATA_DIR/P2_V2_BASELINES_FFR_E0_20260913T000052Z/oof/obqa/word/fold2/large/IndepLR_C.joblib	f4ffa74562938fddb0b42e97b830327ad598567efd69231d1a7f8da611135d01	frozen train fold only	COMPLETE
IndepLR_A	large	obqa	word	2	$DATA_DIR/P2_V2_BASELINES_FFR_E0_20260913T000052Z/oof/obqa/word/fold2/large/IndepLR_A.joblib	a9e1358df5b348acddf95c04e7ef2d969083401324bb74eaaf8933631fcc57b9	frozen train fold only	COMPLETE
FFR_T	small	obqa	word	2	$DATA_DIR/P2_V2_BASELINES_FFR_E0_20260913T000052Z/oof/obqa/word/fold2/small/FFR_T.joblib	bbc39791d996d09117304d2cc2359c6a2ad15712f02bd9a80c9df378ac997d81	frozen train fold only	COMPLETE
FFR_C	small	obqa	word	2	$DATA_DIR/P2_V2_BASELINES_FFR_E0_20260913T000052Z/oof/obqa/word/fold2/small/FFR_C.joblib	4d4467ff4c8712c590a3ef854d9b59264cd68756db8f55a24886fc7858684275	frozen train fold only	COMPLETE
FFR_A	small	obqa	word	2	$DATA_DIR/P2_V2_BASELINES_FFR_E0_20260913T000052Z/oof/obqa/word/fold2/small/FFR_A.joblib	7f6f2fb532d5b3743a3e530fe71cd248ad637fef435b179d42cc2142c3c56fd6	frozen train fold only	COMPLETE
IndepLR_R	small	obqa	word	2	$DATA_DIR/P2_V2_BASELINES_FFR_E0_20260913T000052Z/oof/obqa/word/fold2/small/IndepLR_R.joblib	b58650834346b9bca405d7f61fc4ef1ac8a1d2ba42ecce6eb5ac8a68b1ee8a28	frozen train fold only	COMPLETE
IndepLR_T	small	obqa	word	2	$DATA_DIR/P2_V2_BASELINES_FFR_E0_20260913T000052Z/oof/obqa/word/fold2/small/IndepLR_T.joblib	634691eb711f3bc1d9ce81d6606981bfca6947748c7dd631dc2bb3be15e9e57e	frozen train fold only	COMPLETE
IndepLR_C	small	obqa	word	2	$DATA_DIR/P2_V2_BASELINES_FFR_E0_20260913T000052Z/oof/obqa/word/fold2/small/IndepLR_C.joblib	7f7acdb19fdcba4b4f3044f00649f7a64151e5865932964ff6f62af1f214b493	frozen train fold only	COMPLETE
IndepLR_A	small	obqa	word	2	$DATA_DIR/P2_V2_BASELINES_FFR_E0_20260913T000052Z/oof/obqa/word/fold2/small/IndepLR_A.joblib	a3febe2174027bda720d3bc1a473b9034e9c7b05a46ba4ed5033e03256f50de9	frozen train fold only	COMPLETE
FFR_T	large	obqa	word	3	$DATA_DIR/P2_V2_BASELINES_FFR_E0_20260913T000052Z/oof/obqa/word/fold3/large/FFR_T.joblib	c2c959c6deb01eb76d23afe2f7d3f8672073312d29d1645aae563c26b75660cd	frozen train fold only	COMPLETE
FFR_C	large	obqa	word	3	$DATA_DIR/P2_V2_BASELINES_FFR_E0_20260913T000052Z/oof/obqa/word/fold3/large/FFR_C.joblib	2967cb136511d7e654c33b04fd72f16d137875635e26755f2c4a078e5cc6a3db	frozen train fold only	COMPLETE
FFR_A	large	obqa	word	3	$DATA_DIR/P2_V2_BASELINES_FFR_E0_20260913T000052Z/oof/obqa/word/fold3/large/FFR_A.joblib	080bd7962af40dc3c4cdbf6e5dea7625e2ec0a1f4e2976ee5212a6a57cb9aa0f	frozen train fold only	COMPLETE
IndepLR_R	large	obqa	word	3	$DATA_DIR/P2_V2_BASELINES_FFR_E0_20260913T000052Z/oof/obqa/word/fold3/large/IndepLR_R.joblib	579778c638037ee08eb5c9deaaaca3b7e7e4a363e9bb3beb417abc9ee069269d	frozen train fold only	COMPLETE
IndepLR_T	large	obqa	word	3	$DATA_DIR/P2_V2_BASELINES_FFR_E0_20260913T000052Z/oof/obqa/word/fold3/large/IndepLR_T.joblib	a1d4a36b495a96efbcb2a5a40c4158de2f0fb3aa4ab286d45af34bab1eb0a214	frozen train fold only	COMPLETE
IndepLR_C	large	obqa	word	3	$DATA_DIR/P2_V2_BASELINES_FFR_E0_20260913T000052Z/oof/obqa/word/fold3/large/IndepLR_C.joblib	3d22ca37b279d376cfe6e5a26ad23d4655968c70e9ef2584b1c18370965ef6b4	frozen train fold only	COMPLETE
IndepLR_A	large	obqa	word	3	$DATA_DIR/P2_V2_BASELINES_FFR_E0_20260913T000052Z/oof/obqa/word/fold3/large/IndepLR_A.joblib	2ada50e7e557f2ba664432a7299e2d10de6da409aa2834aa8b6b748fa160d737	frozen train fold only	COMPLETE
FFR_T	small	obqa	word	3	$DATA_DIR/P2_V2_BASELINES_FFR_E0_20260913T000052Z/oof/obqa/word/fold3/small/FFR_T.joblib	c1c864c02efddcc97312020035f8e40a105cdbfa9c321c43bf00614fe76d4445	frozen train fold only	COMPLETE
FFR_C	small	obqa	word	3	$DATA_DIR/P2_V2_BASELINES_FFR_E0_20260913T000052Z/oof/obqa/word/fold3/small/FFR_C.joblib	fdf0c5d180c1d868e626a0d6aa4c87010b32c1a2135698913cca797a7c802b71	frozen train fold only	COMPLETE
FFR_A	small	obqa	word	3	$DATA_DIR/P2_V2_BASELINES_FFR_E0_20260913T000052Z/oof/obqa/word/fold3/small/FFR_A.joblib	fb6ae0a5428a7ccaa1d6fc4d5f38e0850a096ab3e61312ff3ec7fa7cff5d647d	frozen train fold only	COMPLETE
IndepLR_R	small	obqa	word	3	$DATA_DIR/P2_V2_BASELINES_FFR_E0_20260913T000052Z/oof/obqa/word/fold3/small/IndepLR_R.joblib	23bf2d069a74c6dd01c2b5a1ec28f664320e406c62a75b07dff06164fcba3a9a	frozen train fold only	COMPLETE
IndepLR_T	small	obqa	word	3	$DATA_DIR/P2_V2_BASELINES_FFR_E0_20260913T000052Z/oof/obqa/word/fold3/small/IndepLR_T.joblib	580c1c08b5022c7821d2d24c20c961410971a1944fa89c5f0ffa8ae8204d0e30	frozen train fold only	COMPLETE
IndepLR_C	small	obqa	word	3	$DATA_DIR/P2_V2_BASELINES_FFR_E0_20260913T000052Z/oof/obqa/word/fold3/small/IndepLR_C.joblib	057f50051cc4edfcdeb2c4b0050b114b64142abb902faf3b6b8ee97079f97b91	frozen train fold only	COMPLETE
IndepLR_A	small	obqa	word	3	$DATA_DIR/P2_V2_BASELINES_FFR_E0_20260913T000052Z/oof/obqa/word/fold3/small/IndepLR_A.joblib	661f8f3e92eaa4f8ae22f014ff09ae06ecba2d05a49192be7af5b45c420dfc07	frozen train fold only	COMPLETE
FFR_T	large	obqa	word	4	$DATA_DIR/P2_V2_BASELINES_FFR_E0_20260913T000052Z/oof/obqa/word/fold4/large/FFR_T.joblib	ca1ab2d33306ed60e3f33b66d44ee33649ddcb2e8f7a1a46a9c59f92fb19d759	frozen train fold only	COMPLETE
FFR_C	large	obqa	word	4	$DATA_DIR/P2_V2_BASELINES_FFR_E0_20260913T000052Z/oof/obqa/word/fold4/large/FFR_C.joblib	4d01a5819c2bad15a4078a185a207fe8b9259f20b5313310663c679b4dd13496	frozen train fold only	COMPLETE
FFR_A	large	obqa	word	4	$DATA_DIR/P2_V2_BASELINES_FFR_E0_20260913T000052Z/oof/obqa/word/fold4/large/FFR_A.joblib	be80d435cfa48069560dfa52a0794872527cf82afc911de6ad09e239a65689cb	frozen train fold only	COMPLETE
IndepLR_R	large	obqa	word	4	$DATA_DIR/P2_V2_BASELINES_FFR_E0_20260913T000052Z/oof/obqa/word/fold4/large/IndepLR_R.joblib	6c4d669f29e3b3e772b7b2655f653f3f02ce174bd438dca34be77d822558dd02	frozen train fold only	COMPLETE
IndepLR_T	large	obqa	word	4	$DATA_DIR/P2_V2_BASELINES_FFR_E0_20260913T000052Z/oof/obqa/word/fold4/large/IndepLR_T.joblib	7f322c83e498787113782b3c595b10be6c8edd3fee5f9951d94c287c7c390904	frozen train fold only	COMPLETE
IndepLR_C	large	obqa	word	4	$DATA_DIR/P2_V2_BASELINES_FFR_E0_20260913T000052Z/oof/obqa/word/fold4/large/IndepLR_C.joblib	332a4233a1be8f19a9247030088767e5935169fc80a150fe0be9ac2de2872e1b	frozen train fold only	COMPLETE
IndepLR_A	large	obqa	word	4	$DATA_DIR/P2_V2_BASELINES_FFR_E0_20260913T000052Z/oof/obqa/word/fold4/large/IndepLR_A.joblib	6f3a820e5bfe92ff580914fbab9ffddabc05b0a09a2d2ba9e5354537ff5d1be8	frozen train fold only	COMPLETE
FFR_T	small	obqa	word	4	$DATA_DIR/P2_V2_BASELINES_FFR_E0_20260913T000052Z/oof/obqa/word/fold4/small/FFR_T.joblib	e62b30be95ee8b59529fd67ecdfd29dce4d9ed3ef5ec7371faadf67ff2f0a2e8	frozen train fold only	COMPLETE
FFR_C	small	obqa	word	4	$DATA_DIR/P2_V2_BASELINES_FFR_E0_20260913T000052Z/oof/obqa/word/fold4/small/FFR_C.joblib	51d117764b794bd764eb2bedc3028faedc87f482e781ff17b397e65702d3aeba	frozen train fold only	COMPLETE
FFR_A	small	obqa	word	4	$DATA_DIR/P2_V2_BASELINES_FFR_E0_20260913T000052Z/oof/obqa/word/fold4/small/FFR_A.joblib	68c71dcadbe42dea8bc2733f0e4c04c1a2e415450af714f22265f68956c51d69	frozen train fold only	COMPLETE
IndepLR_R	small	obqa	word	4	$DATA_DIR/P2_V2_BASELINES_FFR_E0_20260913T000052Z/oof/obqa/word/fold4/small/IndepLR_R.joblib	b0766287e7632ddc4a8fc2f46c759fdc63c9ac8f0c2a53442dddad83c689b93f	frozen train fold only	COMPLETE
IndepLR_T	small	obqa	word	4	$DATA_DIR/P2_V2_BASELINES_FFR_E0_20260913T000052Z/oof/obqa/word/fold4/small/IndepLR_T.joblib	e9d8d323a6fbd11fd0cec1d50ecff9eea8ff479f00cc9cc421a52cef6c16d86d	frozen train fold only	COMPLETE
IndepLR_C	small	obqa	word	4	$DATA_DIR/P2_V2_BASELINES_FFR_E0_20260913T000052Z/oof/obqa/word/fold4/small/IndepLR_C.joblib	9bde4db34c18d9921a4d151ff42f56ce46a35a0ef28d440b1e28d02a1edadf7f	frozen train fold only	COMPLETE
IndepLR_A	small	obqa	word	4	$DATA_DIR/P2_V2_BASELINES_FFR_E0_20260913T000052Z/oof/obqa/word/fold4/small/IndepLR_A.joblib	b1b35759b9330826dfd8baca882c17a882626a735efbcb297e3cbb6b6d247aaa	frozen train fold only	COMPLETE
FFR_T	large	obqa	semantic	0	$DATA_DIR/P2_V2_BASELINES_FFR_E0_20260913T000052Z/oof/obqa/semantic/fold0/large/FFR_T.joblib	976f8e7fcebc6763736186cc8e1a9c34135ac1c7aedbd4c246b41e9d3aeecf4a	frozen train fold only	COMPLETE
FFR_C	large	obqa	semantic	0	$DATA_DIR/P2_V2_BASELINES_FFR_E0_20260913T000052Z/oof/obqa/semantic/fold0/large/FFR_C.joblib	4cdc5aa5f8111570fb80fb74ca99dd78f7414dffe5134dfa5b167a1df0de0d6d	frozen train fold only	COMPLETE
FFR_A	large	obqa	semantic	0	$DATA_DIR/P2_V2_BASELINES_FFR_E0_20260913T000052Z/oof/obqa/semantic/fold0/large/FFR_A.joblib	6154c117089eea524f1bdd19c9c3b92bb5f80b831cae4fdbd3f910646369a585	frozen train fold only	COMPLETE
IndepLR_R	large	obqa	semantic	0	$DATA_DIR/P2_V2_BASELINES_FFR_E0_20260913T000052Z/oof/obqa/semantic/fold0/large/IndepLR_R.joblib	bc3b70b9a85ca8f747dcacba7e3d1b3bb553326aeecae8601198a670ee4f5b6d	frozen train fold only	COMPLETE
IndepLR_T	large	obqa	semantic	0	$DATA_DIR/P2_V2_BASELINES_FFR_E0_20260913T000052Z/oof/obqa/semantic/fold0/large/IndepLR_T.joblib	7b44aa6f7ea9497694d3b08e1dae36e36fd739b5400acd68fe719835cb7a410c	frozen train fold only	COMPLETE
IndepLR_C	large	obqa	semantic	0	$DATA_DIR/P2_V2_BASELINES_FFR_E0_20260913T000052Z/oof/obqa/semantic/fold0/large/IndepLR_C.joblib	127989d675b4062901c40f63404abe2589badc0ab574ee717b44b475f30db34c	frozen train fold only	COMPLETE
IndepLR_A	large	obqa	semantic	0	$DATA_DIR/P2_V2_BASELINES_FFR_E0_20260913T000052Z/oof/obqa/semantic/fold0/large/IndepLR_A.joblib	9ce7b1b73b57dddb38c79b48c2bc28b3bcec9e7a46947382e678662358640100	frozen train fold only	COMPLETE
FFR_T	small	obqa	semantic	0	$DATA_DIR/P2_V2_BASELINES_FFR_E0_20260913T000052Z/oof/obqa/semantic/fold0/small/FFR_T.joblib	aba6788e649fe34053838c7dd5b92939dd62f13350049f03d9ab58f084aabb77	frozen train fold only	COMPLETE
FFR_C	small	obqa	semantic	0	$DATA_DIR/P2_V2_BASELINES_FFR_E0_20260913T000052Z/oof/obqa/semantic/fold0/small/FFR_C.joblib	a22417ff02121d9fbd78e3ee43fbbd99920a7a976565f8ebe519d080e2600848	frozen train fold only	COMPLETE
FFR_A	small	obqa	semantic	0	$DATA_DIR/P2_V2_BASELINES_FFR_E0_20260913T000052Z/oof/obqa/semantic/fold0/small/FFR_A.joblib	23b4a18317c0545c7c81f47e5aad322a2778d69149616c0803d5d8b7cdef5d77	frozen train fold only	COMPLETE
IndepLR_R	small	obqa	semantic	0	$DATA_DIR/P2_V2_BASELINES_FFR_E0_20260913T000052Z/oof/obqa/semantic/fold0/small/IndepLR_R.joblib	e5e7a179ad9f735372c1a6bea9f9e25be11d4c096467c68497109fed73886174	frozen train fold only	COMPLETE
IndepLR_T	small	obqa	semantic	0	$DATA_DIR/P2_V2_BASELINES_FFR_E0_20260913T000052Z/oof/obqa/semantic/fold0/small/IndepLR_T.joblib	c5682110ab767e348f7e8adc1af6e4d6a3e76e52d3d57ea96ca812c15d36ce38	frozen train fold only	COMPLETE
IndepLR_C	small	obqa	semantic	0	$DATA_DIR/P2_V2_BASELINES_FFR_E0_20260913T000052Z/oof/obqa/semantic/fold0/small/IndepLR_C.joblib	57438693b1d370b653ac4b3760e7120fb96f8ab8cd2c6b3b1e487165a33c67cd	frozen train fold only	COMPLETE
IndepLR_A	small	obqa	semantic	0	$DATA_DIR/P2_V2_BASELINES_FFR_E0_20260913T000052Z/oof/obqa/semantic/fold0/small/IndepLR_A.joblib	c3fb4714d1a578d0857f4dab4d94179bea74d80e4b358f97bc6605a78a5a58ae	frozen train fold only	COMPLETE
FFR_T	large	obqa	semantic	1	$DATA_DIR/P2_V2_BASELINES_FFR_E0_20260913T000052Z/oof/obqa/semantic/fold1/large/FFR_T.joblib	5c2fad985caf29f196612e3757ae9c43d94b755f8c0b4a145ff157763dbe8709	frozen train fold only	COMPLETE
FFR_C	large	obqa	semantic	1	$DATA_DIR/P2_V2_BASELINES_FFR_E0_20260913T000052Z/oof/obqa/semantic/fold1/large/FFR_C.joblib	bcdff130d18ca03c6e9a3609e0a3e5709d6b9ea9e8b3aa33d4a08ad413dc71dc	frozen train fold only	COMPLETE
FFR_A	large	obqa	semantic	1	$DATA_DIR/P2_V2_BASELINES_FFR_E0_20260913T000052Z/oof/obqa/semantic/fold1/large/FFR_A.joblib	3475519a8be3c5a659801cbf3aeef124790cc192f9758ce39d0ed52e6c03e753	frozen train fold only	COMPLETE
IndepLR_R	large	obqa	semantic	1	$DATA_DIR/P2_V2_BASELINES_FFR_E0_20260913T000052Z/oof/obqa/semantic/fold1/large/IndepLR_R.joblib	20907c908a5a16285aeaf5dcebe24084c73d4ef0ef668fd7ef28374c51d4ba97	frozen train fold only	COMPLETE
IndepLR_T	large	obqa	semantic	1	$DATA_DIR/P2_V2_BASELINES_FFR_E0_20260913T000052Z/oof/obqa/semantic/fold1/large/IndepLR_T.joblib	5f5bc86735fa50d7169d5269a704511c44da546c3744d3ead944c33b0f46c009	frozen train fold only	COMPLETE
IndepLR_C	large	obqa	semantic	1	$DATA_DIR/P2_V2_BASELINES_FFR_E0_20260913T000052Z/oof/obqa/semantic/fold1/large/IndepLR_C.joblib	1c0c4f5c8e273988e997db67cae0a7057a51ebd467a717dfb4da75c43142c0f0	frozen train fold only	COMPLETE
IndepLR_A	large	obqa	semantic	1	$DATA_DIR/P2_V2_BASELINES_FFR_E0_20260913T000052Z/oof/obqa/semantic/fold1/large/IndepLR_A.joblib	fed6c7d1838fded5e084dbebca6b90a916ea508c001584c0ac96e281509db07d	frozen train fold only	COMPLETE
FFR_T	small	obqa	semantic	1	$DATA_DIR/P2_V2_BASELINES_FFR_E0_20260913T000052Z/oof/obqa/semantic/fold1/small/FFR_T.joblib	b1b27723897e2fc0576527417ca250252d4b07cdb648737d6c68243d9004ee0d	frozen train fold only	COMPLETE
FFR_C	small	obqa	semantic	1	$DATA_DIR/P2_V2_BASELINES_FFR_E0_20260913T000052Z/oof/obqa/semantic/fold1/small/FFR_C.joblib	4d9926d7dde59740b8775a07adbd52e59332c403a9dda87e1ce348d5c404ba2a	frozen train fold only	COMPLETE
FFR_A	small	obqa	semantic	1	$DATA_DIR/P2_V2_BASELINES_FFR_E0_20260913T000052Z/oof/obqa/semantic/fold1/small/FFR_A.joblib	eba6f8d87cb3b5470645facce1f4a0281cd9bec381ab4b15212e3df34d3333ca	frozen train fold only	COMPLETE
IndepLR_R	small	obqa	semantic	1	$DATA_DIR/P2_V2_BASELINES_FFR_E0_20260913T000052Z/oof/obqa/semantic/fold1/small/IndepLR_R.joblib	aafc54be96b696268b869b5e94d71f1b4cd08394fe765079384379f4ee307350	frozen train fold only	COMPLETE
IndepLR_T	small	obqa	semantic	1	$DATA_DIR/P2_V2_BASELINES_FFR_E0_20260913T000052Z/oof/obqa/semantic/fold1/small/IndepLR_T.joblib	26f42c55d8bc84fc2653c115d5df8b0d8251ad76ecbe0347536824dbe31bb7b5	frozen train fold only	COMPLETE
IndepLR_C	small	obqa	semantic	1	$DATA_DIR/P2_V2_BASELINES_FFR_E0_20260913T000052Z/oof/obqa/semantic/fold1/small/IndepLR_C.joblib	7d67c738dc5010020abb50d46d754b93d56b9ad141baad3020f7eb5e25aae555	frozen train fold only	COMPLETE
IndepLR_A	small	obqa	semantic	1	$DATA_DIR/P2_V2_BASELINES_FFR_E0_20260913T000052Z/oof/obqa/semantic/fold1/small/IndepLR_A.joblib	d3fb7c347d02f0e9abc1c5bcc5cdf6fbde9c6474d584cd29c156382ddd8758a0	frozen train fold only	COMPLETE
FFR_T	large	obqa	semantic	2	$DATA_DIR/P2_V2_BASELINES_FFR_E0_20260913T000052Z/oof/obqa/semantic/fold2/large/FFR_T.joblib	bf4ff88b98e6ca85f70a77424c094343342cad72640e8f327fa9dfcda5e3c8e5	frozen train fold only	COMPLETE
FFR_C	large	obqa	semantic	2	$DATA_DIR/P2_V2_BASELINES_FFR_E0_20260913T000052Z/oof/obqa/semantic/fold2/large/FFR_C.joblib	df6968df212db16c1bcd061c966dd2974125084ab6d30e4454c176245119c4ef	frozen train fold only	COMPLETE
FFR_A	large	obqa	semantic	2	$DATA_DIR/P2_V2_BASELINES_FFR_E0_20260913T000052Z/oof/obqa/semantic/fold2/large/FFR_A.joblib	1c7790f3ca48880a780cdd1877dcc5cab96429ddc3c276bdfdd3e47cec3b54f3	frozen train fold only	COMPLETE
IndepLR_R	large	obqa	semantic	2	$DATA_DIR/P2_V2_BASELINES_FFR_E0_20260913T000052Z/oof/obqa/semantic/fold2/large/IndepLR_R.joblib	52c3946a93ebaeff6e6eb70d713db33edb6bbd3b10ede8b6822b6662fbe1429e	frozen train fold only	COMPLETE
IndepLR_T	large	obqa	semantic	2	$DATA_DIR/P2_V2_BASELINES_FFR_E0_20260913T000052Z/oof/obqa/semantic/fold2/large/IndepLR_T.joblib	49f0ba53bd84f67949354b879feab4e3eb09ac887d816cc5baa30212ac87dde9	frozen train fold only	COMPLETE
IndepLR_C	large	obqa	semantic	2	$DATA_DIR/P2_V2_BASELINES_FFR_E0_20260913T000052Z/oof/obqa/semantic/fold2/large/IndepLR_C.joblib	ce914be5881c811588310f211a824be525bd9ef3f3c6f85249462bb041746938	frozen train fold only	COMPLETE
IndepLR_A	large	obqa	semantic	2	$DATA_DIR/P2_V2_BASELINES_FFR_E0_20260913T000052Z/oof/obqa/semantic/fold2/large/IndepLR_A.joblib	a789e8d6f213761e5a68731ccfa1e688182d5101c6b0525e55c6298f740af7c5	frozen train fold only	COMPLETE
FFR_T	small	obqa	semantic	2	$DATA_DIR/P2_V2_BASELINES_FFR_E0_20260913T000052Z/oof/obqa/semantic/fold2/small/FFR_T.joblib	e263d35e273db197b88aa89f0993ace670cbd3f655710b924440c8e499402b17	frozen train fold only	COMPLETE
FFR_C	small	obqa	semantic	2	$DATA_DIR/P2_V2_BASELINES_FFR_E0_20260913T000052Z/oof/obqa/semantic/fold2/small/FFR_C.joblib	4d24c4d541976327a22404c6001da0feeb234637cb5603a86c98d094587bc997	frozen train fold only	COMPLETE
FFR_A	small	obqa	semantic	2	$DATA_DIR/P2_V2_BASELINES_FFR_E0_20260913T000052Z/oof/obqa/semantic/fold2/small/FFR_A.joblib	81e664dbada321b8d0ec84ed7cb701cd97922def4094ad2550466b0f2c07c537	frozen train fold only	COMPLETE
IndepLR_R	small	obqa	semantic	2	$DATA_DIR/P2_V2_BASELINES_FFR_E0_20260913T000052Z/oof/obqa/semantic/fold2/small/IndepLR_R.joblib	ba315966ac628aefc648441fb00e6eff1441bce774bed22a7f4917383ef148e9	frozen train fold only	COMPLETE
IndepLR_T	small	obqa	semantic	2	$DATA_DIR/P2_V2_BASELINES_FFR_E0_20260913T000052Z/oof/obqa/semantic/fold2/small/IndepLR_T.joblib	340cf07247291ccd274d3c08c4916ff0310a59ccc0bb5e3db0aaecbafe16b397	frozen train fold only	COMPLETE
IndepLR_C	small	obqa	semantic	2	$DATA_DIR/P2_V2_BASELINES_FFR_E0_20260913T000052Z/oof/obqa/semantic/fold2/small/IndepLR_C.joblib	e8152b5fe68027d4beb146a15c0fc99fc4cabbaafd22155272f633b40943748e	frozen train fold only	COMPLETE
IndepLR_A	small	obqa	semantic	2	$DATA_DIR/P2_V2_BASELINES_FFR_E0_20260913T000052Z/oof/obqa/semantic/fold2/small/IndepLR_A.joblib	cca186b7aa3c7e33fdd9b8ff8b1a6b43bd68157609cd83c8a8f28cfe69005b8e	frozen train fold only	COMPLETE
FFR_T	large	obqa	semantic	3	$DATA_DIR/P2_V2_BASELINES_FFR_E0_20260913T000052Z/oof/obqa/semantic/fold3/large/FFR_T.joblib	bd5613fbdcc205fa47a3caf9c15930e39f76a1031cef38f4c1c675607dfa38d5	frozen train fold only	COMPLETE
FFR_C	large	obqa	semantic	3	$DATA_DIR/P2_V2_BASELINES_FFR_E0_20260913T000052Z/oof/obqa/semantic/fold3/large/FFR_C.joblib	4fbb4c50ec20edfa633893e7bdbd5b1ac207d9f552b621682bf2de21b2fa6be3	frozen train fold only	COMPLETE
FFR_A	large	obqa	semantic	3	$DATA_DIR/P2_V2_BASELINES_FFR_E0_20260913T000052Z/oof/obqa/semantic/fold3/large/FFR_A.joblib	a5109d1e9aef41c963e95df3a4c792aeab9874439468125f8b21f00c38968aa2	frozen train fold only	COMPLETE
IndepLR_R	large	obqa	semantic	3	$DATA_DIR/P2_V2_BASELINES_FFR_E0_20260913T000052Z/oof/obqa/semantic/fold3/large/IndepLR_R.joblib	36b252b3da6530ec5726970782b83811adb9a16b1507aaf88a59b04fafd5be15	frozen train fold only	COMPLETE
IndepLR_T	large	obqa	semantic	3	$DATA_DIR/P2_V2_BASELINES_FFR_E0_20260913T000052Z/oof/obqa/semantic/fold3/large/IndepLR_T.joblib	592d4cad922cb11197da43b3facfb7291d5d10249efe43c4815fd659c60017fb	frozen train fold only	COMPLETE
IndepLR_C	large	obqa	semantic	3	$DATA_DIR/P2_V2_BASELINES_FFR_E0_20260913T000052Z/oof/obqa/semantic/fold3/large/IndepLR_C.joblib	3074b76de0ae02768e7a89e59e49d9134c7d61e7d677ffc370d2d9ec0d1553bf	frozen train fold only	COMPLETE
IndepLR_A	large	obqa	semantic	3	$DATA_DIR/P2_V2_BASELINES_FFR_E0_20260913T000052Z/oof/obqa/semantic/fold3/large/IndepLR_A.joblib	8ffde4b1548707cb1357f482a53f0038387debe5c09eba5f6f3041174295176e	frozen train fold only	COMPLETE
FFR_T	small	obqa	semantic	3	$DATA_DIR/P2_V2_BASELINES_FFR_E0_20260913T000052Z/oof/obqa/semantic/fold3/small/FFR_T.joblib	057cf9e5401d97ff28d97bccdbb47f3f6f969f21ec281a8a5204ba3a420d2c7c	frozen train fold only	COMPLETE
FFR_C	small	obqa	semantic	3	$DATA_DIR/P2_V2_BASELINES_FFR_E0_20260913T000052Z/oof/obqa/semantic/fold3/small/FFR_C.joblib	94d2edfa43fdc519e9bbfe0071446f5772dc1ee06ce581cacfef900934b1bf8f	frozen train fold only	COMPLETE
FFR_A	small	obqa	semantic	3	$DATA_DIR/P2_V2_BASELINES_FFR_E0_20260913T000052Z/oof/obqa/semantic/fold3/small/FFR_A.joblib	de32271c20be27bc22bb44e5c5080056f310deadffd16d81c85a87f59c73a51b	frozen train fold only	COMPLETE
IndepLR_R	small	obqa	semantic	3	$DATA_DIR/P2_V2_BASELINES_FFR_E0_20260913T000052Z/oof/obqa/semantic/fold3/small/IndepLR_R.joblib	71f41b47fd8c1babd5b9a4cf791731ac8ecf627e6586fa56ee22eacac7998f2b	frozen train fold only	COMPLETE
IndepLR_T	small	obqa	semantic	3	$DATA_DIR/P2_V2_BASELINES_FFR_E0_20260913T000052Z/oof/obqa/semantic/fold3/small/IndepLR_T.joblib	ea76234b821cd8707b6ca9d2a4e73139e6afbd75ff617187bb8f150732ec0965	frozen train fold only	COMPLETE
IndepLR_C	small	obqa	semantic	3	$DATA_DIR/P2_V2_BASELINES_FFR_E0_20260913T000052Z/oof/obqa/semantic/fold3/small/IndepLR_C.joblib	342210d6c3a894993930e24a682769095290ea2a22babefb50572199dcdee85a	frozen train fold only	COMPLETE
IndepLR_A	small	obqa	semantic	3	$DATA_DIR/P2_V2_BASELINES_FFR_E0_20260913T000052Z/oof/obqa/semantic/fold3/small/IndepLR_A.joblib	c812cc91d8e080b978591fef21642d09fb35a2a6ddf69b8efc619725a94fb23c	frozen train fold only	COMPLETE
FFR_T	large	obqa	semantic	4	$DATA_DIR/P2_V2_BASELINES_FFR_E0_20260913T000052Z/oof/obqa/semantic/fold4/large/FFR_T.joblib	43e5d9121bc25ab4f05af95dc41823ab4d912721445ca4508dbdf220d8d46a56	frozen train fold only	COMPLETE
FFR_C	large	obqa	semantic	4	$DATA_DIR/P2_V2_BASELINES_FFR_E0_20260913T000052Z/oof/obqa/semantic/fold4/large/FFR_C.joblib	71071391cc0067e6b35e01f4dbb472c6401ee509bb7827c990cd5e0c1479760a	frozen train fold only	COMPLETE
FFR_A	large	obqa	semantic	4	$DATA_DIR/P2_V2_BASELINES_FFR_E0_20260913T000052Z/oof/obqa/semantic/fold4/large/FFR_A.joblib	aa5ed7009e20bf189b3632b60f75b4868dbca94d0fe7003b4fe0b2c12d34dace	frozen train fold only	COMPLETE
IndepLR_R	large	obqa	semantic	4	$DATA_DIR/P2_V2_BASELINES_FFR_E0_20260913T000052Z/oof/obqa/semantic/fold4/large/IndepLR_R.joblib	2d4c7eb90554b3f0514396bad26dad11bc3c32d63cc8186c89605437a12410e8	frozen train fold only	COMPLETE
IndepLR_T	large	obqa	semantic	4	$DATA_DIR/P2_V2_BASELINES_FFR_E0_20260913T000052Z/oof/obqa/semantic/fold4/large/IndepLR_T.joblib	36c39c646f5fbaeb86e59cd3f93d5f30fbd870c2c9226ef972dcbce7de41de2f	frozen train fold only	COMPLETE
IndepLR_C	large	obqa	semantic	4	$DATA_DIR/P2_V2_BASELINES_FFR_E0_20260913T000052Z/oof/obqa/semantic/fold4/large/IndepLR_C.joblib	d9ed605bbcb65f3ee52d2cd90e0ed0e18dbfb19ad2f8457b7bd9eae2ccfdca17	frozen train fold only	COMPLETE
IndepLR_A	large	obqa	semantic	4	$DATA_DIR/P2_V2_BASELINES_FFR_E0_20260913T000052Z/oof/obqa/semantic/fold4/large/IndepLR_A.joblib	2bbe85b6c18be2b2d9a7a6dc5c65a8247ed63289bb5472bd5d9285e90c6a30c1	frozen train fold only	COMPLETE
FFR_T	small	obqa	semantic	4	$DATA_DIR/P2_V2_BASELINES_FFR_E0_20260913T000052Z/oof/obqa/semantic/fold4/small/FFR_T.joblib	11b3bc02133bc855dbad32cc30be385abfd43c9d730d44d23777746aacb69019	frozen train fold only	COMPLETE
FFR_C	small	obqa	semantic	4	$DATA_DIR/P2_V2_BASELINES_FFR_E0_20260913T000052Z/oof/obqa/semantic/fold4/small/FFR_C.joblib	ef8f8b775fb196207e0dbfa241687147fe8e566d629611cfcda3eea288fdabd0	frozen train fold only	COMPLETE
FFR_A	small	obqa	semantic	4	$DATA_DIR/P2_V2_BASELINES_FFR_E0_20260913T000052Z/oof/obqa/semantic/fold4/small/FFR_A.joblib	c7a6ab00fbf1aef16aa6d5cdfcdc517a142c47537a6025a4dcc95ba7626f66ed	frozen train fold only	COMPLETE
IndepLR_R	small	obqa	semantic	4	$DATA_DIR/P2_V2_BASELINES_FFR_E0_20260913T000052Z/oof/obqa/semantic/fold4/small/IndepLR_R.joblib	9a73ce151e4348c6bbc6f3c1e4455f0d6aade4986b2e5fcfe02e4fcc6ca8ee94	frozen train fold only	COMPLETE
IndepLR_T	small	obqa	semantic	4	$DATA_DIR/P2_V2_BASELINES_FFR_E0_20260913T000052Z/oof/obqa/semantic/fold4/small/IndepLR_T.joblib	3621dca240d42c431baafaed993dcaf74e12a394eeaacaf93775d8797ba7885b	frozen train fold only	COMPLETE
IndepLR_C	small	obqa	semantic	4	$DATA_DIR/P2_V2_BASELINES_FFR_E0_20260913T000052Z/oof/obqa/semantic/fold4/small/IndepLR_C.joblib	d5f7138c0814cdd8ff449a562fc46725035204aff3fc184771c4750b524ac7b9	frozen train fold only	COMPLETE
IndepLR_A	small	obqa	semantic	4	$DATA_DIR/P2_V2_BASELINES_FFR_E0_20260913T000052Z/oof/obqa/semantic/fold4/small/IndepLR_A.joblib	ef82ab6ee6848705cdb798827e5c49b4da1a38ff58f19ee3cc1f32163620ed07	frozen train fold only	COMPLETE
FFR_T	large	arc	word	0	$DATA_DIR/P2_V2_BASELINES_FFR_E0_20260913T000052Z/oof/arc/word/fold0/large/FFR_T.joblib	5db558c09d5f3183a7ae9ff9d8ff697c1a05fe4a5e00cd7d01b4afe2daa81b6f	frozen train fold only	COMPLETE
FFR_C	large	arc	word	0	$DATA_DIR/P2_V2_BASELINES_FFR_E0_20260913T000052Z/oof/arc/word/fold0/large/FFR_C.joblib	f244991f8a59070bec54c8f4accc589dc51dfb99ffd5f3060bc9d1f7b24e724f	frozen train fold only	COMPLETE
FFR_A	large	arc	word	0	$DATA_DIR/P2_V2_BASELINES_FFR_E0_20260913T000052Z/oof/arc/word/fold0/large/FFR_A.joblib	86abaebaed1bf9feb7814286616f6cbe5a18b8ca677e9f94af876c0d8e0fc8cd	frozen train fold only	COMPLETE
IndepLR_R	large	arc	word	0	$DATA_DIR/P2_V2_BASELINES_FFR_E0_20260913T000052Z/oof/arc/word/fold0/large/IndepLR_R.joblib	435e09d755913cb9e56c7d8b13bcc32b8a3c3d9458e853cf5219e52e586e6d3f	frozen train fold only	COMPLETE
IndepLR_T	large	arc	word	0	$DATA_DIR/P2_V2_BASELINES_FFR_E0_20260913T000052Z/oof/arc/word/fold0/large/IndepLR_T.joblib	b5687cce05724ca9a5155c8bef4217594ef1dec562efa6cf4895856c74005c33	frozen train fold only	COMPLETE
IndepLR_C	large	arc	word	0	$DATA_DIR/P2_V2_BASELINES_FFR_E0_20260913T000052Z/oof/arc/word/fold0/large/IndepLR_C.joblib	858f55617bd729511425c5d72b99d29c9124e439959f47ed0687ff4bd4c3ec0c	frozen train fold only	COMPLETE
IndepLR_A	large	arc	word	0	$DATA_DIR/P2_V2_BASELINES_FFR_E0_20260913T000052Z/oof/arc/word/fold0/large/IndepLR_A.joblib	1d4e65b3d3c119ea73cfb97a94af01ab9070c38aa5c06eb1db3e1336e5be0d8a	frozen train fold only	COMPLETE
FFR_T	small	arc	word	0	$DATA_DIR/P2_V2_BASELINES_FFR_E0_20260913T000052Z/oof/arc/word/fold0/small/FFR_T.joblib	fc47396cf35f89035258c74e41d42a60290069b0a4d033e8ac313890b0090378	frozen train fold only	COMPLETE
FFR_C	small	arc	word	0	$DATA_DIR/P2_V2_BASELINES_FFR_E0_20260913T000052Z/oof/arc/word/fold0/small/FFR_C.joblib	0caa851b3d20acc08c1c5c16c3f41f9ba5a6a62f4fb7f737a381148c2d376df6	frozen train fold only	COMPLETE
FFR_A	small	arc	word	0	$DATA_DIR/P2_V2_BASELINES_FFR_E0_20260913T000052Z/oof/arc/word/fold0/small/FFR_A.joblib	158c335bf529902d454a46cf7b041bc220d736dec54460cab1443e6fa02a9672	frozen train fold only	COMPLETE
IndepLR_R	small	arc	word	0	$DATA_DIR/P2_V2_BASELINES_FFR_E0_20260913T000052Z/oof/arc/word/fold0/small/IndepLR_R.joblib	322e0b826f5ec5629886102d0dcba2fec46ce7cedffd11020ed484f0d5041c6e	frozen train fold only	COMPLETE
IndepLR_T	small	arc	word	0	$DATA_DIR/P2_V2_BASELINES_FFR_E0_20260913T000052Z/oof/arc/word/fold0/small/IndepLR_T.joblib	8128f06600e0087e68c8c1c19246b24da803ed403a931cbd19cafd7e30dbffd8	frozen train fold only	COMPLETE
IndepLR_C	small	arc	word	0	$DATA_DIR/P2_V2_BASELINES_FFR_E0_20260913T000052Z/oof/arc/word/fold0/small/IndepLR_C.joblib	87cd5cfff3f094a3ae28d2c31167945982dd7d5c414b36da100879a50fac80bb	frozen train fold only	COMPLETE
IndepLR_A	small	arc	word	0	$DATA_DIR/P2_V2_BASELINES_FFR_E0_20260913T000052Z/oof/arc/word/fold0/small/IndepLR_A.joblib	3e5d40f789c50b17748ff4479b5bf1c55cfb7734a66cce5a99766c0d94bd8378	frozen train fold only	COMPLETE
FFR_T	large	arc	word	1	$DATA_DIR/P2_V2_BASELINES_FFR_E0_20260913T000052Z/oof/arc/word/fold1/large/FFR_T.joblib	c1f41f0ead9fd54289e831e68319c4788534c948a98b15baf5fab64d2a38c59f	frozen train fold only	COMPLETE
FFR_C	large	arc	word	1	$DATA_DIR/P2_V2_BASELINES_FFR_E0_20260913T000052Z/oof/arc/word/fold1/large/FFR_C.joblib	96c97fe0c39fd595648f14ae6d26101755b17825a26a125902207468b45554b0	frozen train fold only	COMPLETE
FFR_A	large	arc	word	1	$DATA_DIR/P2_V2_BASELINES_FFR_E0_20260913T000052Z/oof/arc/word/fold1/large/FFR_A.joblib	220f70ddb6a08a79a1597e2695907a52e01b158465717fb62cba16069ba64fda	frozen train fold only	COMPLETE
IndepLR_R	large	arc	word	1	$DATA_DIR/P2_V2_BASELINES_FFR_E0_20260913T000052Z/oof/arc/word/fold1/large/IndepLR_R.joblib	83ae10705481a0abbc42e7019ec7dc96737684c5b0cde163607cea7350a75342	frozen train fold only	COMPLETE
IndepLR_T	large	arc	word	1	$DATA_DIR/P2_V2_BASELINES_FFR_E0_20260913T000052Z/oof/arc/word/fold1/large/IndepLR_T.joblib	ffa5338acf0f3be4eebec976213894af1ba9cca838ccd7e2363c52d34a08fe83	frozen train fold only	COMPLETE
IndepLR_C	large	arc	word	1	$DATA_DIR/P2_V2_BASELINES_FFR_E0_20260913T000052Z/oof/arc/word/fold1/large/IndepLR_C.joblib	6956472780b33664a924ffd19e8a1648c78defdd401bc9f65dce6f1f804ff3fe	frozen train fold only	COMPLETE
IndepLR_A	large	arc	word	1	$DATA_DIR/P2_V2_BASELINES_FFR_E0_20260913T000052Z/oof/arc/word/fold1/large/IndepLR_A.joblib	481f1027a75734f523e2b5cd4a1317fcaf37411a3ab5755b813d25865b8f6d5e	frozen train fold only	COMPLETE
FFR_T	small	arc	word	1	$DATA_DIR/P2_V2_BASELINES_FFR_E0_20260913T000052Z/oof/arc/word/fold1/small/FFR_T.joblib	514720c936ac238ac278fcfb8c37e4b6a989b870e657d7db63c148db9a9e5e94	frozen train fold only	COMPLETE
FFR_C	small	arc	word	1	$DATA_DIR/P2_V2_BASELINES_FFR_E0_20260913T000052Z/oof/arc/word/fold1/small/FFR_C.joblib	7e4424bf487d252beaff9ed40e4c15b5403a4a9486647bbe64a68ad92134c193	frozen train fold only	COMPLETE
FFR_A	small	arc	word	1	$DATA_DIR/P2_V2_BASELINES_FFR_E0_20260913T000052Z/oof/arc/word/fold1/small/FFR_A.joblib	140243c9e40e6d1d2513e39d5604da11c8307d9391c3fa85fcf74f3c4f54f8da	frozen train fold only	COMPLETE
IndepLR_R	small	arc	word	1	$DATA_DIR/P2_V2_BASELINES_FFR_E0_20260913T000052Z/oof/arc/word/fold1/small/IndepLR_R.joblib	a56b2ba3050edd1561ffebb2bddbe290890aaa4f84084acd5c8d0693e12f377a	frozen train fold only	COMPLETE
IndepLR_T	small	arc	word	1	$DATA_DIR/P2_V2_BASELINES_FFR_E0_20260913T000052Z/oof/arc/word/fold1/small/IndepLR_T.joblib	5eef10432c6ff4b52ba02f60764f846e42f709609e14f79b02a58751136dbafa	frozen train fold only	COMPLETE
IndepLR_C	small	arc	word	1	$DATA_DIR/P2_V2_BASELINES_FFR_E0_20260913T000052Z/oof/arc/word/fold1/small/IndepLR_C.joblib	b5d2ab2f803e3a49959ee010ffea89b1d6da037d573b81b8bb35c04f8bc0b318	frozen train fold only	COMPLETE
IndepLR_A	small	arc	word	1	$DATA_DIR/P2_V2_BASELINES_FFR_E0_20260913T000052Z/oof/arc/word/fold1/small/IndepLR_A.joblib	5513af983ca334ec38bc2479e5610f3f96fbf1abe25eb37c6939f7ff250dbb2d	frozen train fold only	COMPLETE
FFR_T	large	arc	word	2	$DATA_DIR/P2_V2_BASELINES_FFR_E0_20260913T000052Z/oof/arc/word/fold2/large/FFR_T.joblib	0643a0b475c15a33691c29f3112e0050ab07370f16d92bf86c5c8aad8a871992	frozen train fold only	COMPLETE
FFR_C	large	arc	word	2	$DATA_DIR/P2_V2_BASELINES_FFR_E0_20260913T000052Z/oof/arc/word/fold2/large/FFR_C.joblib	c713683d7886a425cca8d283f22a5df111344e353c6f21fa658bbecbaef09a43	frozen train fold only	COMPLETE
FFR_A	large	arc	word	2	$DATA_DIR/P2_V2_BASELINES_FFR_E0_20260913T000052Z/oof/arc/word/fold2/large/FFR_A.joblib	553f5b6144be666c35470a216f01fdedee046f66b05b3a2c87103135881dbe87	frozen train fold only	COMPLETE
IndepLR_R	large	arc	word	2	$DATA_DIR/P2_V2_BASELINES_FFR_E0_20260913T000052Z/oof/arc/word/fold2/large/IndepLR_R.joblib	594f17c097dabd1bf832419465ba50b9323cd6d5e8edb96fe43ea1e4c337c648	frozen train fold only	COMPLETE
IndepLR_T	large	arc	word	2	$DATA_DIR/P2_V2_BASELINES_FFR_E0_20260913T000052Z/oof/arc/word/fold2/large/IndepLR_T.joblib	e8a6bf56d07441b11b0f92699ff2fb11edae8299147aa628a274e986bccf336b	frozen train fold only	COMPLETE
IndepLR_C	large	arc	word	2	$DATA_DIR/P2_V2_BASELINES_FFR_E0_20260913T000052Z/oof/arc/word/fold2/large/IndepLR_C.joblib	4bbd493717d8b5922a8ae83bd7396fcf2f5bbbe1f1927f96e17f33966a13821f	frozen train fold only	COMPLETE
IndepLR_A	large	arc	word	2	$DATA_DIR/P2_V2_BASELINES_FFR_E0_20260913T000052Z/oof/arc/word/fold2/large/IndepLR_A.joblib	7f4f5972bd6c4f0ad943775e8e7dd57b069ca84715701abe1529d0e719a1c188	frozen train fold only	COMPLETE
FFR_T	small	arc	word	2	$DATA_DIR/P2_V2_BASELINES_FFR_E0_20260913T000052Z/oof/arc/word/fold2/small/FFR_T.joblib	fe10ed22d46752fab8c952e3be4effa20a698b52653a3f573bf281f792091662	frozen train fold only	COMPLETE
FFR_C	small	arc	word	2	$DATA_DIR/P2_V2_BASELINES_FFR_E0_20260913T000052Z/oof/arc/word/fold2/small/FFR_C.joblib	a750bec382a907db3cf8c396f9d989cdf5f7ae8e0ebd30f9ef078c6ef08fb470	frozen train fold only	COMPLETE
FFR_A	small	arc	word	2	$DATA_DIR/P2_V2_BASELINES_FFR_E0_20260913T000052Z/oof/arc/word/fold2/small/FFR_A.joblib	0fc924d68a054ed201ee13985800296ccd2b0ff3eb6c92a25bff04be9b52e7b7	frozen train fold only	COMPLETE
IndepLR_R	small	arc	word	2	$DATA_DIR/P2_V2_BASELINES_FFR_E0_20260913T000052Z/oof/arc/word/fold2/small/IndepLR_R.joblib	5e54932780e50f3c554faf585307bda71ba8081deabebc0d761511083d25912e	frozen train fold only	COMPLETE
IndepLR_T	small	arc	word	2	$DATA_DIR/P2_V2_BASELINES_FFR_E0_20260913T000052Z/oof/arc/word/fold2/small/IndepLR_T.joblib	a6a82408426bfbf4bfdab1ae1d775b643f3f2cd61812da392e2745ef5e8d01a6	frozen train fold only	COMPLETE
IndepLR_C	small	arc	word	2	$DATA_DIR/P2_V2_BASELINES_FFR_E0_20260913T000052Z/oof/arc/word/fold2/small/IndepLR_C.joblib	9f69ab70d03a44f81c001af48d404f710011b6a0229078be7fb50c0c18cf745c	frozen train fold only	COMPLETE
IndepLR_A	small	arc	word	2	$DATA_DIR/P2_V2_BASELINES_FFR_E0_20260913T000052Z/oof/arc/word/fold2/small/IndepLR_A.joblib	e083036eed1121b7cec1592f414808c0c53d501541ce6022a2d7cab707fdfebd	frozen train fold only	COMPLETE
FFR_T	large	arc	word	3	$DATA_DIR/P2_V2_BASELINES_FFR_E0_20260913T000052Z/oof/arc/word/fold3/large/FFR_T.joblib	383dc16c8e6df891c9655b059989059d0b4b4621f2c2d656571397185312cc2f	frozen train fold only	COMPLETE
FFR_C	large	arc	word	3	$DATA_DIR/P2_V2_BASELINES_FFR_E0_20260913T000052Z/oof/arc/word/fold3/large/FFR_C.joblib	a5f43c020621c227ae8bb2d09d405ebb9b9d4b58fca0f5d6784d20b7d80cac32	frozen train fold only	COMPLETE
FFR_A	large	arc	word	3	$DATA_DIR/P2_V2_BASELINES_FFR_E0_20260913T000052Z/oof/arc/word/fold3/large/FFR_A.joblib	badabdd2b808c57402b70bc31bc4e2c78bb4fa162b7c2444c31aa01c5ac83555	frozen train fold only	COMPLETE
IndepLR_R	large	arc	word	3	$DATA_DIR/P2_V2_BASELINES_FFR_E0_20260913T000052Z/oof/arc/word/fold3/large/IndepLR_R.joblib	0564a1d9d8a47c6a0e289bd52d2a8edfef3d2d7f76b58933b252e868dbda375e	frozen train fold only	COMPLETE
IndepLR_T	large	arc	word	3	$DATA_DIR/P2_V2_BASELINES_FFR_E0_20260913T000052Z/oof/arc/word/fold3/large/IndepLR_T.joblib	82b16ca38bdf5ae48c45e4eb301be03c1880d2360b0f935ae7d39bc5c6b6c77c	frozen train fold only	COMPLETE
IndepLR_C	large	arc	word	3	$DATA_DIR/P2_V2_BASELINES_FFR_E0_20260913T000052Z/oof/arc/word/fold3/large/IndepLR_C.joblib	946f5489d4f0d97795d35e4f7f9b6bb3ab0ca562cfbb715bf7c92e956714dd38	frozen train fold only	COMPLETE
IndepLR_A	large	arc	word	3	$DATA_DIR/P2_V2_BASELINES_FFR_E0_20260913T000052Z/oof/arc/word/fold3/large/IndepLR_A.joblib	f2d9296469c90c0a129aa27136c47786c776885f4f9803a9d845adc430ea1de0	frozen train fold only	COMPLETE
FFR_T	small	arc	word	3	$DATA_DIR/P2_V2_BASELINES_FFR_E0_20260913T000052Z/oof/arc/word/fold3/small/FFR_T.joblib	76c0c67cec65026004840b0cd922f1d556552021737f71602a1076f374a20896	frozen train fold only	COMPLETE
FFR_C	small	arc	word	3	$DATA_DIR/P2_V2_BASELINES_FFR_E0_20260913T000052Z/oof/arc/word/fold3/small/FFR_C.joblib	4693c61d19cbbc1ceb4a334b489a34e6a85085cf94b493f91d1460991e1a7515	frozen train fold only	COMPLETE
FFR_A	small	arc	word	3	$DATA_DIR/P2_V2_BASELINES_FFR_E0_20260913T000052Z/oof/arc/word/fold3/small/FFR_A.joblib	fe5b99da52a1a9de49ad80f12b46914bd7c963d030ec4fb04d7c1e822962e6c4	frozen train fold only	COMPLETE
IndepLR_R	small	arc	word	3	$DATA_DIR/P2_V2_BASELINES_FFR_E0_20260913T000052Z/oof/arc/word/fold3/small/IndepLR_R.joblib	9fd99077506d3a5bc5f876228845b445e6d14525f21f1682c9b4b391596c9b97	frozen train fold only	COMPLETE
IndepLR_T	small	arc	word	3	$DATA_DIR/P2_V2_BASELINES_FFR_E0_20260913T000052Z/oof/arc/word/fold3/small/IndepLR_T.joblib	05bb94d413fcd2746adeb2f83c5a423b340baeba37a8eb371c5ec2a6344017e0	frozen train fold only	COMPLETE
IndepLR_C	small	arc	word	3	$DATA_DIR/P2_V2_BASELINES_FFR_E0_20260913T000052Z/oof/arc/word/fold3/small/IndepLR_C.joblib	45b19606b95fdb9a71bcdd73b954e94bbceb0b74a2e4ac4771869789711b1757	frozen train fold only	COMPLETE
IndepLR_A	small	arc	word	3	$DATA_DIR/P2_V2_BASELINES_FFR_E0_20260913T000052Z/oof/arc/word/fold3/small/IndepLR_A.joblib	0577fb21c68e84f3ff6fb5c910686f0a95f372eb211ff97f4c88028a8b61eadb	frozen train fold only	COMPLETE
FFR_T	large	arc	word	4	$DATA_DIR/P2_V2_BASELINES_FFR_E0_20260913T000052Z/oof/arc/word/fold4/large/FFR_T.joblib	fa26335da72ccfa89fb9039ede5cbaaa03573172e13e01502c10c9d05b86a524	frozen train fold only	COMPLETE
FFR_C	large	arc	word	4	$DATA_DIR/P2_V2_BASELINES_FFR_E0_20260913T000052Z/oof/arc/word/fold4/large/FFR_C.joblib	0772faa57318818a6372889add5cf1a1d969ba244ac0f3e5feaaeb317612ca4d	frozen train fold only	COMPLETE
FFR_A	large	arc	word	4	$DATA_DIR/P2_V2_BASELINES_FFR_E0_20260913T000052Z/oof/arc/word/fold4/large/FFR_A.joblib	fe9c23922f77f298ffbb3ac59abb72145509fe4e6a337f5c2680a029cfe1f1c6	frozen train fold only	COMPLETE
IndepLR_R	large	arc	word	4	$DATA_DIR/P2_V2_BASELINES_FFR_E0_20260913T000052Z/oof/arc/word/fold4/large/IndepLR_R.joblib	dff5c22401bb0601d23e8f6028219005c536e34f25fcb81a1461545053fa6793	frozen train fold only	COMPLETE
IndepLR_T	large	arc	word	4	$DATA_DIR/P2_V2_BASELINES_FFR_E0_20260913T000052Z/oof/arc/word/fold4/large/IndepLR_T.joblib	13fde374abc27b134d63482f9e86a2077e4e80b07cffe84a6252d98839bc125a	frozen train fold only	COMPLETE
IndepLR_C	large	arc	word	4	$DATA_DIR/P2_V2_BASELINES_FFR_E0_20260913T000052Z/oof/arc/word/fold4/large/IndepLR_C.joblib	d61b35ba1928729a8d47eed29274f15fc8666c9207c36c9c60937fc25547d4bf	frozen train fold only	COMPLETE
IndepLR_A	large	arc	word	4	$DATA_DIR/P2_V2_BASELINES_FFR_E0_20260913T000052Z/oof/arc/word/fold4/large/IndepLR_A.joblib	58c0f9839e45d300eb1369d8a03cc62970d105a6e1159d7d3c7f28b651e82edb	frozen train fold only	COMPLETE
FFR_T	small	arc	word	4	$DATA_DIR/P2_V2_BASELINES_FFR_E0_20260913T000052Z/oof/arc/word/fold4/small/FFR_T.joblib	50f42ee4803addcff81067c64809f46e0bd4c82fe4ae37f3aab13b507f028ebf	frozen train fold only	COMPLETE
FFR_C	small	arc	word	4	$DATA_DIR/P2_V2_BASELINES_FFR_E0_20260913T000052Z/oof/arc/word/fold4/small/FFR_C.joblib	80b33b5ef3fe5ad2d880f0ec0bb1a305ee75017f7be1b2191e983a698e539cd4	frozen train fold only	COMPLETE
FFR_A	small	arc	word	4	$DATA_DIR/P2_V2_BASELINES_FFR_E0_20260913T000052Z/oof/arc/word/fold4/small/FFR_A.joblib	cb0bee44c6039b648773d048ead0b4b1da8ed1f00b8e080135e1ccf42636b8e9	frozen train fold only	COMPLETE
IndepLR_R	small	arc	word	4	$DATA_DIR/P2_V2_BASELINES_FFR_E0_20260913T000052Z/oof/arc/word/fold4/small/IndepLR_R.joblib	3b713252a545f371b7b9b89607fba7bebbc685c84eaef0d25b4de7711826513a	frozen train fold only	COMPLETE
IndepLR_T	small	arc	word	4	$DATA_DIR/P2_V2_BASELINES_FFR_E0_20260913T000052Z/oof/arc/word/fold4/small/IndepLR_T.joblib	12f38871611e7c15f8a435573eb91cbd329eecb2c91181136d4993abb4d23608	frozen train fold only	COMPLETE
IndepLR_C	small	arc	word	4	$DATA_DIR/P2_V2_BASELINES_FFR_E0_20260913T000052Z/oof/arc/word/fold4/small/IndepLR_C.joblib	0f62d009c99c17c832b3aac5a2470752c4b71ddc4a3acaefa98dfe64ae2f3a76	frozen train fold only	COMPLETE
IndepLR_A	small	arc	word	4	$DATA_DIR/P2_V2_BASELINES_FFR_E0_20260913T000052Z/oof/arc/word/fold4/small/IndepLR_A.joblib	fbaf1a7cf43059b46c251018be949f9e1ef156a94510278f3b93069b675fb704	frozen train fold only	COMPLETE
FFR_T	large	arc	semantic	0	$DATA_DIR/P2_V2_BASELINES_FFR_E0_20260913T000052Z/oof/arc/semantic/fold0/large/FFR_T.joblib	b8fdd5a651bb8a95df236148bd025aa8342f9c009724a99bfdd59885ebac7b8f	frozen train fold only	COMPLETE
FFR_C	large	arc	semantic	0	$DATA_DIR/P2_V2_BASELINES_FFR_E0_20260913T000052Z/oof/arc/semantic/fold0/large/FFR_C.joblib	2be7964403578eb1059466a812a4de63e07322b69352f207101972dc10908072	frozen train fold only	COMPLETE
FFR_A	large	arc	semantic	0	$DATA_DIR/P2_V2_BASELINES_FFR_E0_20260913T000052Z/oof/arc/semantic/fold0/large/FFR_A.joblib	b92e9eb9fc3fc83803b74c84b42b1c2bf7c46d260787a7bac39fa4bb17a2dcff	frozen train fold only	COMPLETE
IndepLR_R	large	arc	semantic	0	$DATA_DIR/P2_V2_BASELINES_FFR_E0_20260913T000052Z/oof/arc/semantic/fold0/large/IndepLR_R.joblib	e140443da17c08897c961863cbdc4ac781fe9398593f73131e868ae5b7e4c773	frozen train fold only	COMPLETE
IndepLR_T	large	arc	semantic	0	$DATA_DIR/P2_V2_BASELINES_FFR_E0_20260913T000052Z/oof/arc/semantic/fold0/large/IndepLR_T.joblib	a3a907fb3b48498fef6e1e18554dc301e93399d5f0fac916e8dccb3bf1a62504	frozen train fold only	COMPLETE
IndepLR_C	large	arc	semantic	0	$DATA_DIR/P2_V2_BASELINES_FFR_E0_20260913T000052Z/oof/arc/semantic/fold0/large/IndepLR_C.joblib	8a97929ebe37809077e4954d436ba15ed587591bd158ee2440326417ad30ff1c	frozen train fold only	COMPLETE
IndepLR_A	large	arc	semantic	0	$DATA_DIR/P2_V2_BASELINES_FFR_E0_20260913T000052Z/oof/arc/semantic/fold0/large/IndepLR_A.joblib	f3c2b36276f7da3b24f048f7ca3c50521d1952dd8b99c5657be1191a7e8e9b4d	frozen train fold only	COMPLETE
FFR_T	small	arc	semantic	0	$DATA_DIR/P2_V2_BASELINES_FFR_E0_20260913T000052Z/oof/arc/semantic/fold0/small/FFR_T.joblib	6eda7dd6136f73ac57502fe13b8f00a0f67db94a373adec6929457dda583c00c	frozen train fold only	COMPLETE
FFR_C	small	arc	semantic	0	$DATA_DIR/P2_V2_BASELINES_FFR_E0_20260913T000052Z/oof/arc/semantic/fold0/small/FFR_C.joblib	1ccff58435fe48a8e92afc7d76bfb116e887ed99e6a9da7f30a024eb327f4754	frozen train fold only	COMPLETE
FFR_A	small	arc	semantic	0	$DATA_DIR/P2_V2_BASELINES_FFR_E0_20260913T000052Z/oof/arc/semantic/fold0/small/FFR_A.joblib	36f788669267db40517a360a448bf895c6715546dab9a04cd7c651b175db063a	frozen train fold only	COMPLETE
IndepLR_R	small	arc	semantic	0	$DATA_DIR/P2_V2_BASELINES_FFR_E0_20260913T000052Z/oof/arc/semantic/fold0/small/IndepLR_R.joblib	7272e59b1d015ae82cec6ef42e14e8d2331aec7342ce522ab8fe1adc0d0819e6	frozen train fold only	COMPLETE
IndepLR_T	small	arc	semantic	0	$DATA_DIR/P2_V2_BASELINES_FFR_E0_20260913T000052Z/oof/arc/semantic/fold0/small/IndepLR_T.joblib	21d2fa1632bcb70df00f4c5676cdaea85c3d955cfcf3f497ec58fa17000bf0b8	frozen train fold only	COMPLETE
IndepLR_C	small	arc	semantic	0	$DATA_DIR/P2_V2_BASELINES_FFR_E0_20260913T000052Z/oof/arc/semantic/fold0/small/IndepLR_C.joblib	99cb7e1c0656b157342e44c4d8c8b1c9f8844adf6be9634f300727be9ce2fac4	frozen train fold only	COMPLETE
IndepLR_A	small	arc	semantic	0	$DATA_DIR/P2_V2_BASELINES_FFR_E0_20260913T000052Z/oof/arc/semantic/fold0/small/IndepLR_A.joblib	c0f1b53484327fdd3ee00a1169ab363129329660a163b1e5dd9c4dc8c6682daf	frozen train fold only	COMPLETE
FFR_T	large	arc	semantic	1	$DATA_DIR/P2_V2_BASELINES_FFR_E0_20260913T000052Z/oof/arc/semantic/fold1/large/FFR_T.joblib	c894fadeac9338bf535335a189947b86befa04b4b78b7c3242de7a478855cfc5	frozen train fold only	COMPLETE
FFR_C	large	arc	semantic	1	$DATA_DIR/P2_V2_BASELINES_FFR_E0_20260913T000052Z/oof/arc/semantic/fold1/large/FFR_C.joblib	87fcb2de3c23a42b87e6cdc6ab779c87746ccc0e7717c4346c718dec8f08b04b	frozen train fold only	COMPLETE
FFR_A	large	arc	semantic	1	$DATA_DIR/P2_V2_BASELINES_FFR_E0_20260913T000052Z/oof/arc/semantic/fold1/large/FFR_A.joblib	e80e8a0786e02a70929f3bb4745d04d660dacb0e4258e3c99a0c354e65849c7f	frozen train fold only	COMPLETE
IndepLR_R	large	arc	semantic	1	$DATA_DIR/P2_V2_BASELINES_FFR_E0_20260913T000052Z/oof/arc/semantic/fold1/large/IndepLR_R.joblib	1ddcdaf3c7760d3ea13e825b818f9d49a842944e33c6eecb58b0d6a50c45af4d	frozen train fold only	COMPLETE
IndepLR_T	large	arc	semantic	1	$DATA_DIR/P2_V2_BASELINES_FFR_E0_20260913T000052Z/oof/arc/semantic/fold1/large/IndepLR_T.joblib	4b5c92740da9adf2e31a0cd5f85c3e68d3ae21849a51921ade9d7608f4024a91	frozen train fold only	COMPLETE
IndepLR_C	large	arc	semantic	1	$DATA_DIR/P2_V2_BASELINES_FFR_E0_20260913T000052Z/oof/arc/semantic/fold1/large/IndepLR_C.joblib	f9f5e7574e9be6eba11f2cd2e036892e7d14cb8a7adbd6f42cf272ec9d7ac249	frozen train fold only	COMPLETE
IndepLR_A	large	arc	semantic	1	$DATA_DIR/P2_V2_BASELINES_FFR_E0_20260913T000052Z/oof/arc/semantic/fold1/large/IndepLR_A.joblib	6775e3ccd63380e035c05396742dd7428e673ab836434cfdab625ebbef0bd32c	frozen train fold only	COMPLETE
FFR_T	small	arc	semantic	1	$DATA_DIR/P2_V2_BASELINES_FFR_E0_20260913T000052Z/oof/arc/semantic/fold1/small/FFR_T.joblib	b4fbf43db9e1f1572851a82b6c3419cb1828360a2b165c6a6905aa867c7870bd	frozen train fold only	COMPLETE
FFR_C	small	arc	semantic	1	$DATA_DIR/P2_V2_BASELINES_FFR_E0_20260913T000052Z/oof/arc/semantic/fold1/small/FFR_C.joblib	4b01eefe59d2ee45a748217c2140ecc5eb856ccee017ad71697b6277c006fcae	frozen train fold only	COMPLETE
FFR_A	small	arc	semantic	1	$DATA_DIR/P2_V2_BASELINES_FFR_E0_20260913T000052Z/oof/arc/semantic/fold1/small/FFR_A.joblib	366846730391ad7504de831a26bcdd7bb95b022a62b2237e787aa5427eb8c640	frozen train fold only	COMPLETE
IndepLR_R	small	arc	semantic	1	$DATA_DIR/P2_V2_BASELINES_FFR_E0_20260913T000052Z/oof/arc/semantic/fold1/small/IndepLR_R.joblib	de51c2e6b35d5c949a92106cce049c7e98dc3ce47b9509fde997089c26aaa453	frozen train fold only	COMPLETE
IndepLR_T	small	arc	semantic	1	$DATA_DIR/P2_V2_BASELINES_FFR_E0_20260913T000052Z/oof/arc/semantic/fold1/small/IndepLR_T.joblib	79adf9da6bdb1f9a3ac9374346dbc45b76765f7a7935316dd220ab62548b7f61	frozen train fold only	COMPLETE
IndepLR_C	small	arc	semantic	1	$DATA_DIR/P2_V2_BASELINES_FFR_E0_20260913T000052Z/oof/arc/semantic/fold1/small/IndepLR_C.joblib	073240985fea679e130b1036b895a129e234797aabb031b247edb895aae740e7	frozen train fold only	COMPLETE
IndepLR_A	small	arc	semantic	1	$DATA_DIR/P2_V2_BASELINES_FFR_E0_20260913T000052Z/oof/arc/semantic/fold1/small/IndepLR_A.joblib	9daebbc1d6736d121d9cbe459e9775ba619774caf3a19668d4b952a06047a786	frozen train fold only	COMPLETE
FFR_T	large	arc	semantic	2	$DATA_DIR/P2_V2_BASELINES_FFR_E0_20260913T000052Z/oof/arc/semantic/fold2/large/FFR_T.joblib	76c4e6a1f6fa8daae2d237135c470aef6fecdfea223fa0135e5eebe743cf256f	frozen train fold only	COMPLETE
FFR_C	large	arc	semantic	2	$DATA_DIR/P2_V2_BASELINES_FFR_E0_20260913T000052Z/oof/arc/semantic/fold2/large/FFR_C.joblib	b23a356c545c4072a3d53d8826a50293329d9c824e51bfc9004eaa2dc4077d10	frozen train fold only	COMPLETE
FFR_A	large	arc	semantic	2	$DATA_DIR/P2_V2_BASELINES_FFR_E0_20260913T000052Z/oof/arc/semantic/fold2/large/FFR_A.joblib	d7ec171e7cbb03a64ebf3f367a1f76a4a2a8d1c750ce039655d31e74e6951e6e	frozen train fold only	COMPLETE
IndepLR_R	large	arc	semantic	2	$DATA_DIR/P2_V2_BASELINES_FFR_E0_20260913T000052Z/oof/arc/semantic/fold2/large/IndepLR_R.joblib	599d08a473d087b2be811014781b5fdf9ff3f63004e06ef4ebbaf86a03232973	frozen train fold only	COMPLETE
IndepLR_T	large	arc	semantic	2	$DATA_DIR/P2_V2_BASELINES_FFR_E0_20260913T000052Z/oof/arc/semantic/fold2/large/IndepLR_T.joblib	2aec2dc014ca2b601cfae45e681ab8129c95ccf466924de657d2763d55caf3be	frozen train fold only	COMPLETE
IndepLR_C	large	arc	semantic	2	$DATA_DIR/P2_V2_BASELINES_FFR_E0_20260913T000052Z/oof/arc/semantic/fold2/large/IndepLR_C.joblib	99018c60749ead75ed7914d5e9c3757caa07a3b17709218e536e2137db6a811a	frozen train fold only	COMPLETE
IndepLR_A	large	arc	semantic	2	$DATA_DIR/P2_V2_BASELINES_FFR_E0_20260913T000052Z/oof/arc/semantic/fold2/large/IndepLR_A.joblib	bc4a697629da1e6662286f0faae7d7f073a6f37aaffa64162d3b64753568c503	frozen train fold only	COMPLETE
FFR_T	small	arc	semantic	2	$DATA_DIR/P2_V2_BASELINES_FFR_E0_20260913T000052Z/oof/arc/semantic/fold2/small/FFR_T.joblib	9f6e2efb666edce173eaf187bc4730be0783d33235cf75986682a16687f49fc6	frozen train fold only	COMPLETE
FFR_C	small	arc	semantic	2	$DATA_DIR/P2_V2_BASELINES_FFR_E0_20260913T000052Z/oof/arc/semantic/fold2/small/FFR_C.joblib	17849ac3031f55ea0e2fe5a256e9133a699a5820f4c4e438d72c6125c1b5aff7	frozen train fold only	COMPLETE
FFR_A	small	arc	semantic	2	$DATA_DIR/P2_V2_BASELINES_FFR_E0_20260913T000052Z/oof/arc/semantic/fold2/small/FFR_A.joblib	660cbddf3c1bee086fdf01a2d0e7f9971bddcaae5bea50f2da5cbaca1a2f7152	frozen train fold only	COMPLETE
IndepLR_R	small	arc	semantic	2	$DATA_DIR/P2_V2_BASELINES_FFR_E0_20260913T000052Z/oof/arc/semantic/fold2/small/IndepLR_R.joblib	e72ba58db6052d65ccf627c2cacbee3a65c7cebd35bdeeab5ab5de83a42ea8ec	frozen train fold only	COMPLETE
IndepLR_T	small	arc	semantic	2	$DATA_DIR/P2_V2_BASELINES_FFR_E0_20260913T000052Z/oof/arc/semantic/fold2/small/IndepLR_T.joblib	2742791bcecd3956c46dc1d09b732e4f2e6ddc248abaf27ee32376517e99914f	frozen train fold only	COMPLETE
IndepLR_C	small	arc	semantic	2	$DATA_DIR/P2_V2_BASELINES_FFR_E0_20260913T000052Z/oof/arc/semantic/fold2/small/IndepLR_C.joblib	21a00d360fe38b89ad5330e9607fccb188538db5d2a39b11af564f946b9abc43	frozen train fold only	COMPLETE
IndepLR_A	small	arc	semantic	2	$DATA_DIR/P2_V2_BASELINES_FFR_E0_20260913T000052Z/oof/arc/semantic/fold2/small/IndepLR_A.joblib	dec2c02ae761afae3c91200e530a0d89c68fe0affc04248f90ad167d957a122c	frozen train fold only	COMPLETE
FFR_T	large	arc	semantic	3	$DATA_DIR/P2_V2_BASELINES_FFR_E0_20260913T000052Z/oof/arc/semantic/fold3/large/FFR_T.joblib	078f8f8660b2ae4966441382615ecaaa29e677f3b14c028b9bd674101acf741e	frozen train fold only	COMPLETE
FFR_C	large	arc	semantic	3	$DATA_DIR/P2_V2_BASELINES_FFR_E0_20260913T000052Z/oof/arc/semantic/fold3/large/FFR_C.joblib	36f21e68ca383106a4ea8f1795da81ccf7ca0e827558b3f204ba459dfe5be65b	frozen train fold only	COMPLETE
FFR_A	large	arc	semantic	3	$DATA_DIR/P2_V2_BASELINES_FFR_E0_20260913T000052Z/oof/arc/semantic/fold3/large/FFR_A.joblib	e857017b743dff21181794160a4744128194f6a13731265c7dd7ff41c18e0ae3	frozen train fold only	COMPLETE
IndepLR_R	large	arc	semantic	3	$DATA_DIR/P2_V2_BASELINES_FFR_E0_20260913T000052Z/oof/arc/semantic/fold3/large/IndepLR_R.joblib	ed0eebadb41c5e9afa29220946dfeb6ab3bbe3695ceef1f5f353b6f4af8cfb3b	frozen train fold only	COMPLETE
IndepLR_T	large	arc	semantic	3	$DATA_DIR/P2_V2_BASELINES_FFR_E0_20260913T000052Z/oof/arc/semantic/fold3/large/IndepLR_T.joblib	cc9a9f6c3aa8270eb120107b33bfa6fd6255030d0aee810a620671cb4fe36443	frozen train fold only	COMPLETE
IndepLR_C	large	arc	semantic	3	$DATA_DIR/P2_V2_BASELINES_FFR_E0_20260913T000052Z/oof/arc/semantic/fold3/large/IndepLR_C.joblib	39a9a834787dc9657d356d95fbd0a2142aee6bd981657934843e61c4fc8c8afc	frozen train fold only	COMPLETE
IndepLR_A	large	arc	semantic	3	$DATA_DIR/P2_V2_BASELINES_FFR_E0_20260913T000052Z/oof/arc/semantic/fold3/large/IndepLR_A.joblib	948a176fb99fd0570087ffc0f7723286fd066003da21deb0af2efcadfc8469c7	frozen train fold only	COMPLETE
FFR_T	small	arc	semantic	3	$DATA_DIR/P2_V2_BASELINES_FFR_E0_20260913T000052Z/oof/arc/semantic/fold3/small/FFR_T.joblib	9f66b89ec0c1e9954f869d9c69b4de6db7b511d8b9932970ef0700b55fd10fe3	frozen train fold only	COMPLETE
FFR_C	small	arc	semantic	3	$DATA_DIR/P2_V2_BASELINES_FFR_E0_20260913T000052Z/oof/arc/semantic/fold3/small/FFR_C.joblib	e10f36a27d6f079193a2002d88e86ffabcd34cc13be8ef1f2249c46a8f6a91d0	frozen train fold only	COMPLETE
FFR_A	small	arc	semantic	3	$DATA_DIR/P2_V2_BASELINES_FFR_E0_20260913T000052Z/oof/arc/semantic/fold3/small/FFR_A.joblib	c596323fd4b8bc90ea0a4497929e14c40266482001540254968207f9e4509890	frozen train fold only	COMPLETE
IndepLR_R	small	arc	semantic	3	$DATA_DIR/P2_V2_BASELINES_FFR_E0_20260913T000052Z/oof/arc/semantic/fold3/small/IndepLR_R.joblib	cec76b33bf0f4ee77036c989f35e701a31bd4863c62bc2f772a9b5cf4d40c440	frozen train fold only	COMPLETE
IndepLR_T	small	arc	semantic	3	$DATA_DIR/P2_V2_BASELINES_FFR_E0_20260913T000052Z/oof/arc/semantic/fold3/small/IndepLR_T.joblib	bb954b855a574a7b84c5bebad92a0b7abfaafb011887003a8315472f4cda7ab1	frozen train fold only	COMPLETE
IndepLR_C	small	arc	semantic	3	$DATA_DIR/P2_V2_BASELINES_FFR_E0_20260913T000052Z/oof/arc/semantic/fold3/small/IndepLR_C.joblib	474443f82ee0dd10c54702e9c50b159158a5de8d698ea860e82db28b82c877bf	frozen train fold only	COMPLETE
IndepLR_A	small	arc	semantic	3	$DATA_DIR/P2_V2_BASELINES_FFR_E0_20260913T000052Z/oof/arc/semantic/fold3/small/IndepLR_A.joblib	96bed8b1d0839c509897b11ed3e0c79bb1aa37fac46dd34e4f1170525c8476fb	frozen train fold only	COMPLETE
FFR_T	large	arc	semantic	4	$DATA_DIR/P2_V2_BASELINES_FFR_E0_20260913T000052Z/oof/arc/semantic/fold4/large/FFR_T.joblib	a3edda305e12f08ea1c23a6ccfe9d1ebdf619d91011f5229038fa4c73ee5a5ed	frozen train fold only	COMPLETE
FFR_C	large	arc	semantic	4	$DATA_DIR/P2_V2_BASELINES_FFR_E0_20260913T000052Z/oof/arc/semantic/fold4/large/FFR_C.joblib	93d6e5ddfc8fdfdd25d408a8d98b3e9ff79d25ca781c95e65ffcade5e510bc2c	frozen train fold only	COMPLETE
FFR_A	large	arc	semantic	4	$DATA_DIR/P2_V2_BASELINES_FFR_E0_20260913T000052Z/oof/arc/semantic/fold4/large/FFR_A.joblib	0053f94539eae15f333d169d51e3b885659c17d9c69c39936db31d03528d81db	frozen train fold only	COMPLETE
IndepLR_R	large	arc	semantic	4	$DATA_DIR/P2_V2_BASELINES_FFR_E0_20260913T000052Z/oof/arc/semantic/fold4/large/IndepLR_R.joblib	9d2abb042bdab84934a313e2b58cd42369d276788e929f6b5f15dc932046030a	frozen train fold only	COMPLETE
IndepLR_T	large	arc	semantic	4	$DATA_DIR/P2_V2_BASELINES_FFR_E0_20260913T000052Z/oof/arc/semantic/fold4/large/IndepLR_T.joblib	1fb8423c06076f068da5d7364fa8c4a387610f6f6fba4932ec0057c38805be37	frozen train fold only	COMPLETE
IndepLR_C	large	arc	semantic	4	$DATA_DIR/P2_V2_BASELINES_FFR_E0_20260913T000052Z/oof/arc/semantic/fold4/large/IndepLR_C.joblib	9e5b4d3f6e2f0b8611d2cc8d8ea095b98150434bbbdc5a517b085783b3286ebb	frozen train fold only	COMPLETE
IndepLR_A	large	arc	semantic	4	$DATA_DIR/P2_V2_BASELINES_FFR_E0_20260913T000052Z/oof/arc/semantic/fold4/large/IndepLR_A.joblib	1be7ccbd0131cede33db20722cbd1f3a3f04b7691f8ae4d28f8b0fb53b3a728f	frozen train fold only	COMPLETE
FFR_T	small	arc	semantic	4	$DATA_DIR/P2_V2_BASELINES_FFR_E0_20260913T000052Z/oof/arc/semantic/fold4/small/FFR_T.joblib	2061af1f781f7bd1e57e4b0680d9a69a1d1efd93f73687c85a23d1003f5fb93c	frozen train fold only	COMPLETE
FFR_C	small	arc	semantic	4	$DATA_DIR/P2_V2_BASELINES_FFR_E0_20260913T000052Z/oof/arc/semantic/fold4/small/FFR_C.joblib	c9e30ce4a2f164624eb5da69f2a35a53d1c1b918a59eae9e12180606a343fcb8	frozen train fold only	COMPLETE
FFR_A	small	arc	semantic	4	$DATA_DIR/P2_V2_BASELINES_FFR_E0_20260913T000052Z/oof/arc/semantic/fold4/small/FFR_A.joblib	249a3844f04e298d7fd8df7ac7d98c6768dca48d39692e7f648527548206795f	frozen train fold only	COMPLETE
IndepLR_R	small	arc	semantic	4	$DATA_DIR/P2_V2_BASELINES_FFR_E0_20260913T000052Z/oof/arc/semantic/fold4/small/IndepLR_R.joblib	e6ebd2ea6700c553ce688b218eb5729ac97a90c0cbc1fd00189a7e232469dd7a	frozen train fold only	COMPLETE
IndepLR_T	small	arc	semantic	4	$DATA_DIR/P2_V2_BASELINES_FFR_E0_20260913T000052Z/oof/arc/semantic/fold4/small/IndepLR_T.joblib	ed9ca002403c95ebdde382fd983ce6d837c60bb2c4e40b0a75da9e2688497f19	frozen train fold only	COMPLETE
IndepLR_C	small	arc	semantic	4	$DATA_DIR/P2_V2_BASELINES_FFR_E0_20260913T000052Z/oof/arc/semantic/fold4/small/IndepLR_C.joblib	b653905f3f2dcb18f382362f0502a27881e657252907d386c9fe6abd00424af5	frozen train fold only	COMPLETE
IndepLR_A	small	arc	semantic	4	$DATA_DIR/P2_V2_BASELINES_FFR_E0_20260913T000052Z/oof/arc/semantic/fold4/small/IndepLR_A.joblib	a08d92436d181fe4a903e2eb0895a03c68b442c950636066b0a9f396aae34f9a	frozen train fold only	COMPLETE
