name,B,repeat,subset_file,family,q,threshold,N,n_R,changed,conditional_risk,p_value,CP_upper_0_999,accepted,coverage,marginal_change,M,source_identity
R32_r0,32,0,subsets/R32_r0.json,R32_r0,0.05,0.18624601167503863,1366,83,0,0.0,0.01415986911335107,0.07985679847161589,False,0.06076134699853587,0.0,100,new_test
R32_r0,32,0,subsets/R32_r0.json,R32_r0,0.1,0.18649916857406756,1366,145,0,0.0,0.0005887389471696061,0.04652272891647608,True,0.1061493411420205,0.0,100,new_test
R32_r0,32,0,subsets/R32_r0.json,R32_r0,0.15,0.18670216578896537,1366,212,0,0.0,1.8941061807026406e-05,0.03205861992784294,True,0.15519765739385066,0.0,100,new_test
R32_r0,32,0,subsets/R32_r0.json,R32_r0,0.2,0.18684267636951934,1366,261,1,0.0038314176245210726,2.260817003256354e-05,0.0348244060966147,True,0.1910688140556369,0.0007320644216691069,100,new_test
R32_r0,32,0,subsets/R32_r0.json,R32_r0,0.25,0.18696482097395806,1366,327,6,0.01834862385321101,0.002663456917309682,0.05422374320697761,False,0.23938506588579794,0.004392386530014641,100,new_test
R32_r0,32,0,subsets/R32_r0.json,R32_r0,0.3,0.18708238439981073,1366,383,9,0.02349869451697128,0.007007557061267857,0.05810948225837603,False,0.28038067349926793,0.006588579795021962,100,new_test
R32_r0,32,0,subsets/R32_r0.json,R32_r0,0.35,0.18721463709963948,1366,471,13,0.027600849256900213,0.011693341107146732,0.05940914402072168,False,0.34480234260614934,0.00951683748169839,100,new_test
R32_r0,32,0,subsets/R32_r0.json,R32_r0,0.4,0.18731846060269897,1366,549,18,0.03278688524590164,0.0338902649224027,0.06337749923258144,False,0.4019033674963397,0.013177159590043924,100,new_test
R32_r0,32,0,subsets/R32_r0.json,R32_r0,0.45,0.18741331503202752,1366,606,21,0.034653465346534656,0.04488427795988469,0.06399146707905248,False,0.44363103953147875,0.015373352855051245,100,new_test
R32_r0,32,0,subsets/R32_r0.json,R32_r0,0.5,0.18749983502435708,1366,667,34,0.050974512743628186,0.5908716470462068,0.0827950688028457,False,0.4882869692532943,0.024890190336749635,100,new_test
R32_r0,32,0,subsets/R32_r0.json,R32_r0,0.55,0.1875954194712257,1366,732,41,0.056010928961748634,0.7993377340559289,0.08721195003369617,False,0.5358711566617862,0.030014641288433383,100,new_test
R32_r0,32,0,subsets/R32_r0.json,R32_r0,0.6,0.18770095086248662,1366,804,48,0.05970149253731343,0.907614371182255,0.08996816436971802,False,0.5885797950219619,0.03513909224011713,100,new_test
R32_r0,32,0,subsets/R32_r0.json,R32_r0,0.65,0.18781159950965298,1366,878,57,0.06492027334851937,0.9791527779254825,0.09462616150429022,False,0.6427525622254758,0.04172767203513909,100,new_test
R32_r0,32,0,subsets/R32_r0.json,R32_r0,0.7,0.1879234103874171,1366,965,69,0.07150259067357513,0.9985299192509236,0.10071847308747182,False,0.7064421669106882,0.050512445095168376,100,new_test
R32_r0,32,0,subsets/R32_r0.json,R32_r0,0.75,0.18803334007853667,1366,1032,79,0.07655038759689922,0.9999022211024393,0.10543338097381204,False,0.7554904831625183,0.057833089311859445,100,new_test
R32_r0,32,0,subsets/R32_r0.json,R32_r0,0.8,0.18814374746499252,1366,1090,87,0.0798165137614679,0.9999893855740277,0.10828737130972754,False,0.7979502196193266,0.0636896046852123,100,new_test
R32_r0,32,0,subsets/R32_r0.json,R32_r0,0.85,0.18828511753608335,1366,1148,94,0.08188153310104529,0.9999982064943072,0.10981986825193406,False,0.8404099560761347,0.06881405563689605,100,new_test
R32_r0,32,0,subsets/R32_r0.json,R32_r0,0.9,0.18844937457813193,1366,1233,113,0.09164639091646391,0.9999999995154282,0.11970145029923422,False,0.9026354319180088,0.08272327964860908,100,new_test
R32_r0,32,0,subsets/R32_r0.json,R32_r0,0.95,0.188710882415559,1366,1311,129,0.09839816933638444,0.9999999999997259,0.12628192911441502,False,0.9597364568081991,0.09443631039531479,100,new_test
R32_r0,32,0,subsets/R32_r0.json,R32_r0,1.0,Infinity,1366,1366,143,0.10468521229868229,0.9999999999999999,0.1326098138082249,False,1.0,0.10468521229868229,100,new_test
R128_r0,128,0,subsets/R128_r0.json,R128_r0,0.05,0.15596584745193653,1366,79,0,0.0,0.017384604615803836,0.08372609881132642,False,0.057833089311859445,0.0,100,new_test
R128_r0,128,0,subsets/R128_r0.json,R128_r0,0.1,0.15753036874654436,1366,136,1,0.007352941176470588,0.007620586841306993,0.065875138236775,False,0.09956076134699854,0.0007320644216691069,100,new_test
R128_r0,128,0,subsets/R128_r0.json,R128_r0,0.15,0.1587553882712852,1366,192,1,0.005208333333333333,0.0005867607699731625,0.04707295242318551,True,0.14055636896046853,0.0007320644216691069,100,new_test
R128_r0,128,0,subsets/R128_r0.json,R128_r0,0.2,0.15983464647156942,1366,266,4,0.015037593984962405,0.002528035093296547,0.0544998486028442,False,0.19472913616398244,0.0029282576866764276,100,new_test
R128_r0,128,0,subsets/R128_r0.json,R128_r0,0.25,0.16094224117281009,1366,348,6,0.017241379310344827,0.0012865016055739484,0.05100849936942347,False,0.2547584187408492,0.004392386530014641,100,new_test
R128_r0,128,0,subsets/R128_r0.json,R128_r0,0.3,0.16173325900717184,1366,396,7,0.017676767676767676,0.000712613488445024,0.04877600693938422,True,0.28989751098096633,0.005124450951683748,100,new_test
R128_r0,128,0,subsets/R128_r0.json,R128_r0,0.35,0.16247846346211559,1366,458,9,0.019650655021834062,0.0006835356767232648,0.04873651924756748,True,0.33528550512445093,0.006588579795021962,100,new_test
R128_r0,128,0,subsets/R128_r0.json,R128_r0,0.4,0.16318736613555196,1366,523,12,0.022944550669216062,0.0013415393724362386,0.05093561484548521,False,0.3828696925329429,0.008784773060029283,100,new_test
R128_r0,128,0,subsets/R128_r0.json,R128_r0,0.45,0.16384256632900063,1366,585,18,0.03076923076923077,0.01577929828128165,0.05953581823157263,False,0.42825768667642755,0.013177159590043924,100,new_test
R128_r0,128,0,subsets/R128_r0.json,R128_r0,0.5,0.16464995092370283,1366,660,22,0.03333333333333333,0.025221040642713542,0.06079447541737928,False,0.48316251830161056,0.016105417276720352,100,new_test
R128_r0,128,0,subsets/R128_r0.json,R128_r0,0.55,0.16531572674909056,1366,715,26,0.03636363636363636,0.05122124698103066,0.06335077524419909,False,0.5234260614934114,0.01903367496339678,100,new_test
R128_r0,128,0,subsets/R128_r0.json,R128_r0,0.6,0.16616146967894363,1366,788,34,0.04314720812182741,0.21408621365583055,0.07026388526128913,False,0.5768667642752562,0.024890190336749635,100,new_test
R128_r0,128,0,subsets/R128_r0.json,R128_r0,0.65,0.16687684296355887,1366,852,41,0.04812206572769953,0.44043697110705005,0.07510471560582263,False,0.623718887262079,0.030014641288433383,100,new_test
R128_r0,128,0,subsets/R128_r0.json,R128_r0,0.7,0.16763537819216323,1366,915,47,0.05136612021857923,0.6127612075015139,0.07790312148910612,False,0.6698389458272328,0.034407027818448024,100,new_test
R128_r0,128,0,subsets/R128_r0.json,R128_r0,0.75,0.16848116541268654,1366,1002,59,0.05888223552894212,0.9108735670746124,0.08542680979714085,False,0.7335285505124451,0.04319180087847731,100,new_test
R128_r0,128,0,subsets/R128_r0.json,R128_r0,0.8,0.1693028600912978,1366,1076,72,0.06691449814126393,0.9939587979046082,0.09370263238101384,False,0.787701317715959,0.0527086383601757,100,new_test
R128_r0,128,0,subsets/R128_r0.json,R128_r0,0.85,0.17007103856428663,1366,1130,84,0.0743362831858407,0.9998354192694697,0.10148536988540964,False,0.8272327964860908,0.06149341142020498,100,new_test
R128_r0,128,0,subsets/R128_r0.json,R128_r0,0.9,0.1712695256975052,1366,1198,99,0.08263772954924875,0.9999993269802989,0.11002286986181357,False,0.87701317715959,0.07247437774524158,100,new_test
R128_r0,128,0,subsets/R128_r0.json,R128_r0,0.95,0.17311659143694813,1366,1291,116,0.08985282726568551,0.9999999990681971,0.11700209493032052,False,0.945095168374817,0.0849194729136164,100,new_test
R128_r0,128,0,subsets/R128_r0.json,R128_r0,1.0,Infinity,1366,1366,143,0.10468521229868229,0.9999999999999999,0.1326098138082249,False,1.0,0.10468521229868229,100,new_test
R512_r0,512,0,subsets/R512_r0.json,R512_r0,0.05,0.15265110768018375,1366,72,0,0.0,0.024894280619189493,0.0914824243483132,False,0.0527086383601757,0.0,100,new_test
R512_r0,512,0,subsets/R512_r0.json,R512_r0,0.1,0.1583009283676613,1366,135,0,0.0,0.0009833015279105866,0.04988149268185628,True,0.09882869692532943,0.0,100,new_test
R512_r0,512,0,subsets/R512_r0.json,R512_r0,0.15,0.1618003825067309,1366,189,1,0.005291005291005291,0.0006746385184825433,0.04780394813690987,True,0.1383601756954612,0.0007320644216691069,100,new_test
R512_r0,512,0,subsets/R512_r0.json,R512_r0,0.2,0.16495081994720295,1366,251,3,0.01195219123505976,0.0012319069427368834,0.05100862542262205,False,0.18374816983894582,0.0021961932650073207,100,new_test
R512_r0,512,0,subsets/R512_r0.json,R512_r0,0.25,0.16783004036859517,1366,309,4,0.012944983818770227,0.0004862437144553663,0.04704841870611891,True,0.22620790629575402,0.0029282576866764276,100,new_test
R512_r0,512,0,subsets/R512_r0.json,R512_r0,0.3,0.1709725572753209,1366,381,6,0.015748031496062992,0.00039496815830576324,0.04666058740970184,True,0.27891654465592974,0.004392386530014641,100,new_test
R512_r0,512,0,subsets/R512_r0.json,R512_r0,0.35,0.17308296271279922,1366,457,10,0.02188183807439825,0.001773971219078551,0.05199706114444557,False,0.33455344070278187,0.007320644216691069,100,new_test
R512_r0,512,0,subsets/R512_r0.json,R512_r0,0.4,0.17513477353509121,1366,511,12,0.023483365949119372,0.0019036540202963012,0.052114059240082104,False,0.3740849194729136,0.008784773060029283,100,new_test
R512_r0,512,0,subsets/R512_r0.json,R512_r0,0.45,0.1777032639647932,1366,575,14,0.02434782608695652,0.0014859785853248712,0.051202487022875734,False,0.42093704245973645,0.010248901903367497,100,new_test
R512_r0,512,0,subsets/R512_r0.json,R512_r0,0.5,0.18029811199531975,1366,640,18,0.028125,0.004396431226500022,0.05448952982191703,False,0.4685212298682284,0.013177159590043924,100,new_test
R512_r0,512,0,subsets/R512_r0.json,R512_r0,0.55,0.1833633043264956,1366,719,24,0.03337969401947149,0.020357054942361126,0.059455398265012005,False,0.5263543191800878,0.017569546120058566,100,new_test
R512_r0,512,0,subsets/R512_r0.json,R512_r0,0.6,0.18626766072425216,1366,787,29,0.036848792884371026,0.04879817421609312,0.06244630882907451,False,0.5761346998535871,0.0212298682284041,100,new_test
R512_r0,512,0,subsets/R512_r0.json,R512_r0,0.65,0.18839486839895336,1366,848,37,0.04363207547169811,0.22284051042321304,0.06970965620529664,False,0.6207906295754027,0.027086383601756955,100,new_test
R512_r0,512,0,subsets/R512_r0.json,R512_r0,0.7,0.1909483069299328,1366,920,46,0.05,0.5391180466180647,0.0761832096589897,False,0.6734992679355783,0.03367496339677892,100,new_test
R512_r0,512,0,subsets/R512_r0.json,R512_r0,0.75,0.19411193322492393,1366,995,59,0.0592964824120603,0.9190565289942287,0.08601919165253338,False,0.7284040995607614,0.04319180087847731,100,new_test
R512_r0,512,0,subsets/R512_r0.json,R512_r0,0.8,0.19703923158206083,1366,1065,64,0.06009389671361502,0.9398543759327398,0.08593815489221006,False,0.7796486090775988,0.04685212298682284,100,new_test
R512_r0,512,0,subsets/R512_r0.json,R512_r0,0.85,0.20060986107906875,1366,1135,84,0.07400881057268723,0.999810463729345,0.10104488433803711,False,0.8308931185944363,0.06149341142020498,100,new_test
R512_r0,512,0,subsets/R512_r0.json,R512_r0,0.9,0.20521772762390655,1366,1225,100,0.08163265306122448,0.9999989718946793,0.1085548912696106,False,0.8967789165446559,0.07320644216691069,100,new_test
R512_r0,512,0,subsets/R512_r0.json,R512_r0,0.95,0.21119923941205798,1366,1284,114,0.08878504672897196,0.9999999975081019,0.11588938832377232,False,0.9399707174231332,0.08345534407027819,100,new_test
R512_r0,512,0,subsets/R512_r0.json,R512_r0,1.0,Infinity,1366,1366,143,0.10468521229868229,0.9999999999999999,0.1326098138082249,False,1.0,0.10468521229868229,100,new_test
R32_r1,32,1,subsets/R32_r1.json,R32_r1,0.05,0.18327967566650238,1366,64,0,0.0,0.03752413921111614,0.10231286755268579,False,0.04685212298682284,0.0,100,new_test
R32_r1,32,1,subsets/R32_r1.json,R32_r1,0.1,0.1843611617836175,1366,127,0,0.0,0.00148216949845813,0.05293899992277619,False,0.09297218155197658,0.0,100,new_test
R32_r1,32,1,subsets/R32_r1.json,R32_r1,0.15,0.18507798841448342,1366,202,1,0.0049504950495049506,0.0003679653639470792,0.04478990431539958,True,0.1478770131771596,0.0007320644216691069,100,new_test
R32_r1,32,1,subsets/R32_r1.json,R32_r1,0.2,0.18561679168175937,1366,270,4,0.014814814814814815,0.002175890251142391,0.05370859016369776,False,0.19765739385065886,0.0029282576866764276,100,new_test
R32_r1,32,1,subsets/R32_r1.json,R32_r1,0.25,0.18601608900520983,1366,321,6,0.018691588785046728,0.0032666866845510525,0.05521818328022087,False,0.2349926793557833,0.004392386530014641,100,new_test
R32_r1,32,1,subsets/R32_r1.json,R32_r1,0.3,0.18642026857013216,1366,392,8,0.02040816326530612,0.0022214594555504145,0.05306994289570946,False,0.2869692532942899,0.005856515373352855,100,new_test
R32_r1,32,1,subsets/R32_r1.json,R32_r1,0.35,0.18682379459595788,1366,467,10,0.021413276231263382,0.0013044519647091779,0.05090057522893688,False,0.3418740849194729,0.007320644216691069,100,new_test
R32_r1,32,1,subsets/R32_r1.json,R32_r1,0.4,0.18715761910936146,1366,535,14,0.026168224299065422,0.004411342531772548,0.05497360223399834,False,0.3916544655929722,0.010248901903367497,100,new_test
R32_r1,32,1,subsets/R32_r1.json,R32_r1,0.45,0.187492388999296,1366,594,17,0.02861952861952862,0.007171697816066018,0.05641017755145415,False,0.43484626647144947,0.012445095168374817,100,new_test
R32_r1,32,1,subsets/R32_r1.json,R32_r1,0.5,0.18782494993927423,1366,655,21,0.03206106870229008,0.017130932289400783,0.059272278170463474,False,0.479502196193265,0.015373352855051245,100,new_test
R32_r1,32,1,subsets/R32_r1.json,R32_r1,0.55,0.18807497698796938,1366,713,28,0.03927068723702665,0.10669649807320918,0.06707048518029356,False,0.5219619326500732,0.020497803806734993,100,new_test
R32_r1,32,1,subsets/R32_r1.json,R32_r1,0.6,0.18833029446569327,1366,786,42,0.05343511450381679,0.7059045492732652,0.08285001192312298,False,0.575402635431918,0.03074670571010249,100,new_test
R32_r1,32,1,subsets/R32_r1.json,R32_r1,0.65,0.18859839425807223,1366,837,49,0.05854241338112306,0.8856649015969886,0.0878990047659334,False,0.6127379209370425,0.03587115666178624,100,new_test
R32_r1,32,1,subsets/R32_r1.json,R32_r1,0.7,0.18891704010128174,1366,914,59,0.06455142231947483,0.9786770274602922,0.09352335761115671,False,0.6691068814055637,0.04319180087847731,100,new_test
R32_r1,32,1,subsets/R32_r1.json,R32_r1,0.75,0.18927013078318478,1366,998,65,0.06513026052104208,0.9856378130276249,0.09278868382365027,False,0.7306002928257687,0.04758418740849195,100,new_test
R32_r1,32,1,subsets/R32_r1.json,R32_r1,0.8,0.189590975531859,1366,1070,78,0.07289719626168224,0.9995307918253359,0.10067448939719023,False,0.7833089311859444,0.05710102489019034,100,new_test
R32_r1,32,1,subsets/R32_r1.json,R32_r1,0.85,0.1899762469908498,1366,1157,89,0.07692307692307693,0.9999662713186694,0.10407596799088693,False,0.8469985358711567,0.06515373352855051,100,new_test
R32_r1,32,1,subsets/R32_r1.json,R32_r1,0.9,0.1904621445329413,1366,1214,101,0.08319604612850082,0.9999996090355033,0.11045256045618768,False,0.8887262079062958,0.0739385065885798,100,new_test
R32_r1,32,1,subsets/R32_r1.json,R32_r1,0.95,0.19108102976674846,1366,1269,116,0.09141055949566587,0.9999999996569484,0.11899942993544237,False,0.9289897510980967,0.0849194729136164,100,new_test
R32_r1,32,1,subsets/R32_r1.json,R32_r1,1.0,Infinity,1366,1366,143,0.10468521229868229,0.9999999999999999,0.1326098138082249,False,1.0,0.10468521229868229,100,new_test
R128_r1,128,1,subsets/R128_r1.json,R128_r1,0.05,0.23509544406108185,1366,65,0,0.0,0.03564793225056034,0.10082100353398794,False,0.04758418740849195,0.0,100,new_test
R128_r1,128,1,subsets/R128_r1.json,R128_r1,0.1,0.2388941351264705,1366,128,1,0.0078125,0.010893945813667191,0.0698609612488243,False,0.09370424597364568,0.0007320644216691069,100,new_test
R128_r1,128,1,subsets/R128_r1.json,R128_r1,0.15,0.24127497382910923,1366,211,2,0.009478672985781991,0.0014649705917229058,0.05206785754581187,False,0.15446559297218154,0.0014641288433382138,100,new_test
R128_r1,128,1,subsets/R128_r1.json,R128_r1,0.2,0.24269222376956068,1366,265,4,0.01509433962264151,0.0026243307282092154,0.05470131874061705,False,0.19399707174231332,0.0029282576866764276,100,new_test
R128_r1,128,1,subsets/R128_r1.json,R128_r1,0.25,0.24398342148578922,1366,322,7,0.021739130434782608,0.008167011548769431,0.05976527130899908,False,0.23572474377745242,0.005124450951683748,100,new_test
R128_r1,128,1,subsets/R128_r1.json,R128_r1,0.3,0.24546391280804103,1366,375,9,0.024,0.008842599737869692,0.05932645948127796,False,0.2745241581259151,0.006588579795021962,100,new_test
R128_r1,128,1,subsets/R128_r1.json,R128_r1,0.35,0.24658971279023512,1366,442,10,0.02262443438914027,0.0027912429549349607,0.053733306956028216,False,0.3235724743777452,0.007320644216691069,100,new_test
R128_r1,128,1,subsets/R128_r1.json,R128_r1,0.4,0.24776498208398012,1366,522,14,0.02681992337164751,0.0061939470222104965,0.056321729856576346,False,0.3821376281112738,0.010248901903367497,100,new_test
R128_r1,128,1,subsets/R128_r1.json,R128_r1,0.45,0.24883048834182364,1366,579,16,0.027633851468048358,0.005502331141675198,0.055538240991723185,False,0.4238653001464129,0.01171303074670571,100,new_test
R128_r1,128,1,subsets/R128_r1.json,R128_r1,0.5,0.24993051420275192,1366,651,20,0.030721966205837174,0.011027814319833793,0.05762777326429491,False,0.4765739385065886,0.014641288433382138,100,new_test
R128_r1,128,1,subsets/R128_r1.json,R128_r1,0.55,0.250973990335875,1366,715,29,0.04055944055944056,0.14057713408797767,0.06864185876864143,False,0.5234260614934114,0.0212298682284041,100,new_test
R128_r1,128,1,subsets/R128_r1.json,R128_r1,0.6,0.2521589181537125,1366,791,34,0.04298356510745891,0.2071744985409844,0.07000119297157929,False,0.5790629575402635,0.024890190336749635,100,new_test
R128_r1,128,1,subsets/R128_r1.json,R128_r1,0.65,0.25324687716229033,1366,841,37,0.04399524375743163,0.23932514645741926,0.07028183440432043,False,0.6156661786237189,0.027086383601756955,100,new_test
R128_r1,128,1,subsets/R128_r1.json,R128_r1,0.7,0.25447432894472655,1366,923,49,0.05308775731310943,0.6994164809967212,0.07982593902299535,False,0.6756954612005857,0.03587115666178624,100,new_test
R128_r1,128,1,subsets/R128_r1.json,R128_r1,0.75,0.2556770973230651,1366,995,58,0.05829145728643216,0.8963490447628772,0.08483886056090503,False,0.7284040995607614,0.0424597364568082,100,new_test
R128_r1,128,1,subsets/R128_r1.json,R128_r1,0.8,0.25700385050758234,1366,1073,73,0.06803355079217148,0.9960809584157092,0.09503660987624692,False,0.7855051244509517,0.053440702781844804,100,new_test
R128_r1,128,1,subsets/R128_r1.json,R128_r1,0.85,0.258516073044313,1366,1148,84,0.07317073170731707,0.9997285996450265,0.09991731096193751,False,0.8404099560761347,0.06149341142020498,100,new_test
R128_r1,128,1,subsets/R128_r1.json,R128_r1,0.9,0.260228648592433,1366,1212,100,0.08250825082508251,0.9999993590345487,0.10970184965854177,False,0.8872620790629575,0.07320644216691069,100,new_test
R128_r1,128,1,subsets/R128_r1.json,R128_r1,0.95,0.26284499070940015,1366,1283,117,0.09119251753702261,0.9999999996647808,0.11859089221861915,False,0.9392386530014641,0.08565153733528551,100,new_test
R128_r1,128,1,subsets/R128_r1.json,R128_r1,1.0,Infinity,1366,1366,143,0.10468521229868229,0.9999999999999999,0.1326098138082249,False,1.0,0.10468521229868229,100,new_test
R512_r1,512,1,subsets/R512_r1.json,R512_r1,0.05,0.174426913952478,1366,78,0,0.0,0.018299583806109295,0.084752689122611,False,0.05710102489019034,0.0,100,new_test
R512_r1,512,1,subsets/R512_r1.json,R512_r1,0.1,0.17886479621291018,1366,125,0,0.0,0.0016422930730838007,0.05376283863420697,False,0.09150805270863836,0.0,100,new_test
R512_r1,512,1,subsets/R512_r1.json,R512_r1,0.15,0.18248558311217333,1366,185,0,0.0,7.56601117546345e-05,0.036650705238278056,True,0.13543191800878476,0.0,100,new_test
R512_r1,512,1,subsets/R512_r1.json,R512_r1,0.2,0.1858263395563784,1366,241,2,0.008298755186721992,0.0004013919205241299,0.04571031303761999,True,0.17642752562225475,0.0014641288433382138,100,new_test
R512_r1,512,1,subsets/R512_r1.json,R512_r1,0.25,0.1891040387389057,1366,316,5,0.015822784810126583,0.0013075585117333878,0.051136034047852816,False,0.23133235724743778,0.0036603221083455345,100,new_test
R512_r1,512,1,subsets/R512_r1.json,R512_r1,0.3,0.19207223975415355,1366,388,8,0.020618556701030927,0.0025246398740154763,0.05360774195734543,False,0.2840409956076135,0.005856515373352855,100,new_test
R512_r1,512,1,subsets/R512_r1.json,R512_r1,0.35,0.1945476674935387,1366,454,10,0.022026431718061675,0.0019437985964387843,0.052335277132392756,False,0.3323572474377745,0.007320644216691069,100,new_test
R512_r1,512,1,subsets/R512_r1.json,R512_r1,0.4,0.19759249256954425,1366,534,15,0.028089887640449437,0.008829926151036938,0.05762174869498485,False,0.39092240117130306,0.010980966325036604,100,new_test
R512_r1,512,1,subsets/R512_r1.json,R512_r1,0.45,0.20013126391079983,1366,592,17,0.028716216216216218,0.00752362911454913,0.05659799226168948,False,0.4333821376281113,0.012445095168374817,100,new_test
R512_r1,512,1,subsets/R512_r1.json,R512_r1,0.5,0.20317541620710133,1366,663,22,0.033182503770739065,0.023778688301127355,0.060523312012364765,False,0.48535871156661786,0.016105417276720352,100,new_test
R512_r1,512,1,subsets/R512_r1.json,R512_r1,0.55,0.2058376290244519,1366,715,26,0.03636363636363636,0.05122124698103066,0.06335077524419909,False,0.5234260614934114,0.01903367496339678,100,new_test
R512_r1,512,1,subsets/R512_r1.json,R512_r1,0.6,0.20857472185521897,1366,782,31,0.03964194373401535,0.10327539578954206,0.06603930855556371,False,0.5724743777452416,0.022693997071742314,100,new_test
R512_r1,512,1,subsets/R512_r1.json,R512_r1,0.65,0.21155739219974523,1366,846,35,0.041371158392434985,0.1406398390157669,0.06696907645792574,False,0.6193265007320644,0.02562225475841874,100,new_test
R512_r1,512,1,subsets/R512_r1.json,R512_r1,0.7,0.21504896442740395,1366,919,45,0.04896626768226333,0.48189063158746237,0.0749582933211289,False,0.6727672035139092,0.03294289897510981,100,new_test
R512_r1,512,1,subsets/R512_r1.json,R512_r1,0.75,0.21782170377011378,1366,983,56,0.056968463886063074,0.8583962460613178,0.08346506813616987,False,0.719619326500732,0.040995607613469986,100,new_test
R512_r1,512,1,subsets/R512_r1.json,R512_r1,0.8,0.22084091494723357,1366,1055,67,0.06350710900473934,0.9783758813698844,0.09005156340608947,False,0.7723279648609077,0.04904831625183016,100,new_test
R512_r1,512,1,subsets/R512_r1.json,R512_r1,0.85,0.22544073584001223,1366,1138,83,0.07293497363796134,0.9996775806766104,0.09977858276665677,False,0.8330893118594437,0.06076134699853587,100,new_test
R512_r1,512,1,subsets/R512_r1.json,R512_r1,0.9,0.22999723700432295,1366,1209,98,0.08105872622001654,0.9999982531777698,0.1081028459914511,False,0.8850658857979502,0.07174231332357248,100,new_test
R512_r1,512,1,subsets/R512_r1.json,R512_r1,0.95,0.2379215633490266,1366,1292,119,0.09210526315789473,0.9999999998674122,0.11950442426049247,False,0.9458272327964861,0.08711566617862372,100,new_test
R512_r1,512,1,subsets/R512_r1.json,R512_r1,1.0,Infinity,1366,1366,143,0.10468521229868229,0.9999999999999999,0.1326098138082249,False,1.0,0.10468521229868229,100,new_test
R32_r2,32,2,subsets/R32_r2.json,R32_r2,0.05,0.154064172535039,1366,66,3,0.045454545454545456,0.5786617257293173,0.18341587004970608,False,0.048316251830161056,0.0021961932650073207,100,new_test
R32_r2,32,2,subsets/R32_r2.json,R32_r2,0.1,0.15456485852997048,1366,119,3,0.025210084033613446,0.14886706860977,0.10522786391634746,False,0.08711566617862372,0.0021961932650073207,100,new_test
R32_r2,32,2,subsets/R32_r2.json,R32_r2,0.15,0.1549358802102605,1366,177,4,0.022598870056497175,0.05579260250511309,0.08107205329213744,False,0.1295754026354319,0.0029282576866764276,100,new_test
R32_r2,32,2,subsets/R32_r2.json,R32_r2,0.2,0.15526032555629077,1366,250,9,0.036,0.1945824580334546,0.08817761350229074,False,0.18301610541727673,0.006588579795021962,100,new_test
R32_r2,32,2,subsets/R32_r2.json,R32_r2,0.25,0.15554185145773902,1366,345,12,0.034782608695652174,0.11666574587676092,0.07664074288883063,False,0.2525622254758419,0.008784773060029283,100,new_test
R32_r2,32,2,subsets/R32_r2.json,R32_r2,0.3,0.15571703838519546,1366,394,15,0.03807106598984772,0.16592295523957765,0.07767129324954895,False,0.2884333821376281,0.010980966325036604,100,new_test
R32_r2,32,2,subsets/R32_r2.json,R32_r2,0.35,0.15593775016720568,1366,463,20,0.04319654427645788,0.2935923198403045,0.080567040138741,False,0.3389458272327965,0.014641288433382138,100,new_test
R32_r2,32,2,subsets/R32_r2.json,R32_r2,0.4,0.1561390036869844,1366,520,24,0.046153846153846156,0.39205463016256514,0.08178067737696397,False,0.3806734992679356,0.017569546120058566,100,new_test
R32_r2,32,2,subsets/R32_r2.json,R32_r2,0.45,0.15634903452375049,1366,583,26,0.044596912521440824,0.31491872557095874,0.07744585873081017,False,0.4267935578330893,0.01903367496339678,100,new_test
R32_r2,32,2,subsets/R32_r2.json,R32_r2,0.5,0.15654694373311873,1366,663,29,0.043740573152337855,0.26275894972689917,0.07393977794455632,False,0.48535871156661786,0.0212298682284041,100,new_test
R32_r2,32,2,subsets/R32_r2.json,R32_r2,0.55,0.1567456910659656,1366,732,35,0.04781420765027322,0.43574210833866867,0.07723636255958997,False,0.5358711566617862,0.02562225475841874,100,new_test
R32_r2,32,2,subsets/R32_r2.json,R32_r2,0.6,0.1569358952648583,1366,803,42,0.052303860523038606,0.6558542230938518,0.08112296117917328,False,0.5878477306002928,0.03074670571010249,100,new_test
R32_r2,32,2,subsets/R32_r2.json,R32_r2,0.65,0.15715537600085494,1366,868,50,0.0576036866359447,0.8647121500774123,0.08617764946058208,False,0.6354319180087847,0.036603221083455345,100,new_test
R32_r2,32,2,subsets/R32_r2.json,R32_r2,0.7,0.15735194173312694,1366,939,62,0.06602768903088392,0.9875301921022821,0.09480697052277849,False,0.6874084919472914,0.04538799414348463,100,new_test
R32_r2,32,2,subsets/R32_r2.json,R32_r2,0.75,0.15757300824691822,1366,1007,70,0.06951340615690169,0.9972427651621107,0.09773042492190763,False,0.7371888726207906,0.05124450951683748,100,new_test
R32_r2,32,2,subsets/R32_r2.json,R32_r2,0.8,0.15780205799037472,1366,1080,82,0.07592592592592592,0.9999021367598182,0.10399704703948782,False,0.7906295754026355,0.060029282576866766,100,new_test
R32_r2,32,2,subsets/R32_r2.json,R32_r2,0.85,0.15805313155126977,1366,1154,98,0.08492201039861352,0.9999997760981284,0.11317486297927298,False,0.8448023426061494,0.07174231332357248,100,new_test
R32_r2,32,2,subsets/R32_r2.json,R32_r2,0.9,0.15840535977990622,1366,1226,108,0.08809135399673736,0.9999999907047878,0.11580760768566963,False,0.8975109809663251,0.07906295754026355,100,new_test
R32_r2,32,2,subsets/R32_r2.json,R32_r2,0.95,0.15888745737721988,1366,1298,127,0.09784283513097072,0.9999999999993927,0.12581738788850194,False,0.9502196193265008,0.09297218155197658,100,new_test
R32_r2,32,2,subsets/R32_r2.json,R32_r2,1.0,Infinity,1366,1366,143,0.10468521229868229,0.9999999999999999,0.1326098138082249,False,1.0,0.10468521229868229,100,new_test
R128_r2,128,2,subsets/R128_r2.json,R128_r2,0.05,0.11324724105670891,1366,68,1,0.014705882352941176,0.1399493260241681,0.12786113095767118,False,0.04978038067349927,0.0007320644216691069,100,new_test
R128_r2,128,2,subsets/R128_r2.json,R128_r2,0.1,0.11400912595381607,1366,129,3,0.023255813953488372,0.10917270481037662,0.09738861522328676,False,0.09443631039531479,0.0021961932650073207,100,new_test
R128_r2,128,2,subsets/R128_r2.json,R128_r2,0.15,0.11454374733647332,1366,190,3,0.015789473684210527,0.013159667601150112,0.06695337906759133,False,0.1390922401171303,0.0021961932650073207,100,new_test
R128_r2,128,2,subsets/R128_r2.json,R128_r2,0.2,0.11501870208721188,1366,257,4,0.01556420233463035,0.00353301343009795,0.05636832504708466,False,0.18814055636896046,0.0029282576866764276,100,new_test
R128_r2,128,2,subsets/R128_r2.json,R128_r2,0.25,0.11541811478717146,1366,327,5,0.01529051987767584,0.0008727811962850154,0.04944604211927356,True,0.23938506588579794,0.0036603221083455345,100,new_test
R128_r2,128,2,subsets/R128_r2.json,R128_r2,0.3,0.11577088022889603,1366,387,8,0.020671834625323,0.0026063953502699355,0.05374389883167893,False,0.28330893118594436,0.005856515373352855,100,new_test
R128_r2,128,2,subsets/R128_r2.json,R128_r2,0.35,0.1161219806499234,1366,438,11,0.02511415525114155,0.006918038174505955,0.05745498935124655,False,0.3206442166910688,0.008052708638360176,100,new_test
R128_r2,128,2,subsets/R128_r2.json,R128_r2,0.4,0.11646969884072189,1366,511,15,0.029354207436399216,0.015370759593966717,0.06017372155061495,False,0.3740849194729136,0.010980966325036604,100,new_test
R128_r2,128,2,subsets/R128_r2.json,R128_r2,0.45,0.11677121454373696,1366,586,18,0.030716723549488054,0.015434595893305977,0.05943574060674291,False,0.4289897510980966,0.013177159590043924,100,new_test
R128_r2,128,2,subsets/R128_r2.json,R128_r2,0.5,0.11710548886612715,1366,651,21,0.03225806451612903,0.018605021463466407,0.05963127385616073,False,0.4765739385065886,0.015373352855051245,100,new_test
R128_r2,128,2,subsets/R128_r2.json,R128_r2,0.55,0.11741278752534912,1366,712,28,0.03932584269662921,0.108226815718088,0.06716330802176507,False,0.5212298682284041,0.020497803806734993,100,new_test
R128_r2,128,2,subsets/R128_r2.json,R128_r2,0.6,0.11780034747771873,1366,791,36,0.045512010113780026,0.31599454301435115,0.07311104209561285,False,0.5790629575402635,0.02635431918008785,100,new_test
R128_r2,128,2,subsets/R128_r2.json,R128_r2,0.65,0.11816662088874408,1366,870,44,0.05057471264367816,0.5707557117267139,0.07773695841857599,False,0.636896046852123,0.032210834553440704,100,new_test
R128_r2,128,2,subsets/R128_r2.json,R128_r2,0.7,0.11848861817207779,1366,940,52,0.05531914893617021,0.7969090080041648,0.08219798312484149,False,0.6881405563689604,0.03806734992679356,100,new_test
R128_r2,128,2,subsets/R128_r2.json,R128_r2,0.75,0.11887219052741405,1366,1003,63,0.06281156530408774,0.9700561801910869,0.09000966172854855,False,0.7342606149341142,0.046120058565153735,100,new_test
R128_r2,128,2,subsets/R128_r2.json,R128_r2,0.8,0.11925688057358341,1366,1068,75,0.0702247191011236,0.9984048876397704,0.09763268824959183,False,0.7818448023426061,0.05490483162518302,100,new_test
R128_r2,128,2,subsets/R128_r2.json,R128_r2,0.85,0.11972526261811145,1366,1138,86,0.07557117750439367,0.9999186940548287,0.10278721139286165,False,0.8330893118594437,0.0629575402635432,100,new_test
R128_r2,128,2,subsets/R128_r2.json,R128_r2,0.9,0.1203907530950381,1366,1219,98,0.08039376538146022,0.9999975228213157,0.10722908955302511,False,0.8923865300146413,0.07174231332357248,100,new_test
R128_r2,128,2,subsets/R128_r2.json,R128_r2,0.95,0.1213121964694257,1366,1292,120,0.09287925696594428,0.9999999999330124,0.12036720916866377,False,0.9458272327964861,0.08784773060029283,100,new_test
R128_r2,128,2,subsets/R128_r2.json,R128_r2,1.0,Infinity,1366,1366,143,0.10468521229868229,0.9999999999999999,0.1326098138082249,False,1.0,0.10468521229868229,100,new_test
R512_r2,512,2,subsets/R512_r2.json,R512_r2,0.05,0.15925989901433346,1366,76,0,0.0,0.020276547153583718,0.08688323667135033,False,0.055636896046852125,0.0,100,new_test
R512_r2,512,2,subsets/R512_r2.json,R512_r2,0.1,0.16290632229388957,1366,124,0,0.0,0.001728729550614528,0.05418444627660853,False,0.09077598828696926,0.0,100,new_test
R512_r2,512,2,subsets/R512_r2.json,R512_r2,0.15,0.16564294453922013,1366,181,2,0.011049723756906077,0.005169461344003635,0.06047896152492428,False,0.13250366032210834,0.0014641288433382138,100,new_test
R512_r2,512,2,subsets/R512_r2.json,R512_r2,0.2,0.16814429784143536,1366,265,4,0.01509433962264151,0.0026243307282092154,0.05470131874061705,False,0.19399707174231332,0.0029282576866764276,100,new_test
R512_r2,512,2,subsets/R512_r2.json,R512_r2,0.25,0.17031246294964053,1366,325,4,0.012307692307692308,0.0002585875876890614,0.04477067949153525,True,0.23792093704245973,0.0029282576866764276,100,new_test
R512_r2,512,2,subsets/R512_r2.json,R512_r2,0.3,0.17280377901547606,1366,400,6,0.015,0.0001964790310089471,0.044477710260310575,True,0.29282576866764276,0.004392386530014641,100,new_test
R512_r2,512,2,subsets/R512_r2.json,R512_r2,0.35,0.1748247492319489,1366,461,10,0.021691973969631236,0.0015694704872344155,0.051552847290918365,False,0.3374816983894583,0.007320644216691069,100,new_test
R512_r2,512,2,subsets/R512_r2.json,R512_r2,0.4,0.17692978804031312,1366,525,14,0.02666666666666667,0.005731081843111666,0.05600478886469055,False,0.38433382137628114,0.010248901903367497,100,new_test
R512_r2,512,2,subsets/R512_r2.json,R512_r2,0.45,0.17896619962987637,1366,601,17,0.028286189683860232,0.006056685842394622,0.05576252778811261,False,0.43997071742313326,0.012445095168374817,100,new_test
R512_r2,512,2,subsets/R512_r2.json,R512_r2,0.5,0.18084658325176295,1366,664,26,0.0391566265060241,0.11376569480968103,0.06814255740943453,False,0.486090775988287,0.01903367496339678,100,new_test
R512_r2,512,2,subsets/R512_r2.json,R512_r2,0.55,0.18292695384759972,1366,726,29,0.03994490358126722,0.12127892467983212,0.06761695898136143,False,0.5314787701317716,0.0212298682284041,100,new_test
R512_r2,512,2,subsets/R512_r2.json,R512_r2,0.6,0.1852760520143415,1366,789,31,0.03929024081115336,0.09370171226041685,0.065461458412257,False,0.5775988286969254,0.022693997071742314,100,new_test
R512_r2,512,2,subsets/R512_r2.json,R512_r2,0.65,0.18726749745391857,1366,844,36,0.04265402843601896,0.1850685152934049,0.06858271209323644,False,0.6178623718887262,0.02635431918008785,100,new_test
R512_r2,512,2,subsets/R512_r2.json,R512_r2,0.7,0.18948535698154667,1366,911,45,0.04939626783754116,0.5060903415072396,0.07560739192758979,False,0.6669106881405563,0.03294289897510981,100,new_test
R512_r2,512,2,subsets/R512_r2.json,R512_r2,0.75,0.19197275723228058,1366,987,56,0.05673758865248227,0.8515501106165528,0.08313158476841448,False,0.7225475841874085,0.040995607613469986,100,new_test
R512_r2,512,2,subsets/R512_r2.json,R512_r2,0.8,0.19430538895935456,1366,1058,72,0.06805293005671077,0.9959045942387075,0.09527333247084027,False,0.7745241581259151,0.0527086383601757,100,new_test
R512_r2,512,2,subsets/R512_r2.json,R512_r2,0.85,0.19783680955574234,1366,1147,87,0.07585004359197908,0.9999341144674426,0.10298587820948081,False,0.8396778916544656,0.0636896046852123,100,new_test
R512_r2,512,2,subsets/R512_r2.json,R512_r2,0.9,0.2014393487224686,1366,1220,100,0.08196721311475409,0.9999991414885042,0.10899318054712234,False,0.8931185944363104,0.07320644216691069,100,new_test
R512_r2,512,2,subsets/R512_r2.json,R512_r2,0.95,0.2064390377622567,1366,1282,115,0.08970358814352575,0.9999999988025707,0.11693952466661142,False,0.9385065885797951,0.0841874084919473,100,new_test
R512_r2,512,2,subsets/R512_r2.json,R512_r2,1.0,Infinity,1366,1366,143,0.10468521229868229,0.9999999999999999,0.1326098138082249,False,1.0,0.10468521229868229,100,new_test
R32_r3,32,3,subsets/R32_r3.json,R32_r3,0.05,0.15426384347601574,1366,64,0,0.0,0.03752413921111614,0.10231286755268579,False,0.04685212298682284,0.0,100,new_test
R32_r3,32,3,subsets/R32_r3.json,R32_r3,0.1,0.15470985603586052,1366,119,0,0.0,0.002234133030208602,0.05639568985211118,False,0.08711566617862372,0.0,100,new_test
R32_r3,32,3,subsets/R32_r3.json,R32_r3,0.15,0.1550336962228005,1366,188,0,0.0,6.486908831562983e-05,0.0360765335219201,True,0.1376281112737921,0.0,100,new_test
R32_r3,32,3,subsets/R32_r3.json,R32_r3,0.2,0.15528107723936158,1366,250,3,0.012,0.0012824952688924027,0.05120855852289878,False,0.18301610541727673,0.0021961932650073207,100,new_test
R32_r3,32,3,subsets/R32_r3.json,R32_r3,0.25,0.15553289339508514,1366,313,4,0.012779552715654952,0.0004155803940467749,0.04645753234882326,True,0.22913616398243045,0.0029282576866764276,100,new_test
R32_r3,32,3,subsets/R32_r3.json,R32_r3,0.3,0.15571104435289163,1366,366,5,0.01366120218579235,0.00020055153143619544,0.04425983686900134,True,0.2679355783308931,0.0036603221083455345,100,new_test
R32_r3,32,3,subsets/R32_r3.json,R32_r3,0.35,0.15592354855754764,1366,442,6,0.013574660633484163,4.028254010482302e-05,0.04030914433049015,True,0.3235724743777452,0.004392386530014641,100,new_test
R32_r3,32,3,subsets/R32_r3.json,R32_r3,0.4,0.15609304086703146,1366,499,8,0.01603206412825651,5.752529700216931e-05,0.041841059316618745,True,0.36530014641288433,0.005856515373352855,100,new_test
R32_r3,32,3,subsets/R32_r3.json,R32_r3,0.45,0.15627715277501042,1366,572,11,0.019230769230769232,0.00011742275702779007,0.044168236966455846,True,0.41874084919472915,0.008052708638360176,100,new_test
R32_r3,32,3,subsets/R32_r3.json,R32_r3,0.5,0.15643381876797524,1366,634,19,0.02996845425867508,0.009222110332482424,0.0570815370093513,False,0.46412884333821375,0.013909224011713031,100,new_test
R32_r3,32,3,subsets/R32_r3.json,R32_r3,0.55,0.15661508813376257,1366,696,22,0.031609195402298854,0.012139709928054535,0.0576926725600693,False,0.5095168374816984,0.016105417276720352,100,new_test
R32_r3,32,3,subsets/R32_r3.json,R32_r3,0.6,0.15679179699112833,1366,775,30,0.03870967741935484,0.0831460265524295,0.06501680772703129,False,0.5673499267935578,0.021961932650073207,100,new_test
R32_r3,32,3,subsets/R32_r3.json,R32_r3,0.65,0.1569623589899739,1366,843,38,0.045077105575326216,0.287459789527867,0.07156767369349668,False,0.6171303074670571,0.027818448023426062,100,new_test
R32_r3,32,3,subsets/R32_r3.json,R32_r3,0.7,0.15713962719068053,1366,903,53,0.058693244739756366,0.896632365257265,0.08682657697629764,False,0.6610541727672035,0.038799414348462666,100,new_test
R32_r3,32,3,subsets/R32_r3.json,R32_r3,0.75,0.15736392173840186,1366,993,62,0.06243705941591138,0.965835997098741,0.08972711286351968,False,0.7269399707174231,0.04538799414348463,100,new_test
R32_r3,32,3,subsets/R32_r3.json,R32_r3,0.8,0.15760458741269445,1366,1086,75,0.06906077348066299,0.997554764387815,0.09603813468949078,False,0.7950219619326501,0.05490483162518302,100,new_test
R32_r3,32,3,subsets/R32_r3.json,R32_r3,0.85,0.15781674403190293,1366,1148,83,0.07229965156794425,0.9995792621275915,0.09892201642693739,False,0.8404099560761347,0.06076134699853587,100,new_test
R32_r3,32,3,subsets/R32_r3.json,R32_r3,0.9,0.15810808067761883,1366,1216,100,0.08223684210526316,0.9999992577592214,0.10934636737658465,False,0.890190336749634,0.07320644216691069,100,new_test
R32_r3,32,3,subsets/R32_r3.json,R32_r3,0.95,0.1585047390704638,1366,1277,113,0.08848864526233359,0.9999999965166098,0.11563910311080056,False,0.9348462664714495,0.08272327964860908,100,new_test
R32_r3,32,3,subsets/R32_r3.json,R32_r3,1.0,Infinity,1366,1366,143,0.10468521229868229,0.9999999999999999,0.1326098138082249,False,1.0,0.10468521229868229,100,new_test
R128_r3,128,3,subsets/R128_r3.json,R128_r3,0.05,0.15007692846869358,1366,60,0,0.0,0.04606979898695208,0.10874906186625445,False,0.043923865300146414,0.0,100,new_test
R128_r3,128,3,subsets/R128_r3.json,R128_r3,0.1,0.15169593170026097,1366,129,0,0.0,0.0013376579723584634,0.052140022347761564,False,0.09443631039531479,0.0,100,new_test
R128_r3,128,3,subsets/R128_r3.json,R128_r3,0.15,0.15262127255821578,1366,187,0,0.0,6.828325085855769e-05,0.03626591494450565,True,0.13689604685212298,0.0,100,new_test
R128_r3,128,3,subsets/R128_r3.json,R128_r3,0.2,0.15363160895092498,1366,253,2,0.007905138339920948,0.00023730465559214023,0.043581698083725,True,0.18521229868228403,0.0014641288433382138,100,new_test
R128_r3,128,3,subsets/R128_r3.json,R128_r3,0.25,0.15430536667813988,1366,314,4,0.012738853503184714,0.00039954595287352445,0.04631212220642809,True,0.22986822840409957,0.0029282576866764276,100,new_test
R128_r3,128,3,subsets/R128_r3.json,R128_r3,0.3,0.15481272579242067,1366,352,5,0.014204545454545454,0.0003421606796667328,0.04599150171766554,True,0.25768667642752563,0.0036603221083455345,100,new_test
R128_r3,128,3,subsets/R128_r3.json,R128_r3,0.35,0.15539730508395022,1366,426,11,0.025821596244131457,0.009603036132182687,0.059045547961329985,False,0.3118594436310395,0.008052708638360176,100,new_test
R128_r3,128,3,subsets/R128_r3.json,R128_r3,0.4,0.15603248821823046,1366,498,12,0.024096385542168676,0.0027630430202308202,0.053453812816032176,False,0.3645680819912152,0.008784773060029283,100,new_test
R128_r3,128,3,subsets/R128_r3.json,R128_r3,0.45,0.15657785194125562,1366,553,16,0.028933092224231464,0.010371659229779088,0.05810985986277754,False,0.40483162518301613,0.01171303074670571,100,new_test
R128_r3,128,3,subsets/R128_r3.json,R128_r3,0.5,0.15719898716271663,1366,631,26,0.04120443740095087,0.17903218762646267,0.0716491691163161,False,0.46193265007320644,0.01903367496339678,100,new_test
R128_r3,128,3,subsets/R128_r3.json,R128_r3,0.55,0.15782550886123525,1366,725,34,0.04689655172413793,0.39179506638539696,0.07627469043915759,False,0.5307467057101025,0.024890190336749635,100,new_test
R128_r3,128,3,subsets/R128_r3.json,R128_r3,0.6,0.15842470878012194,1366,819,52,0.06349206349206349,0.964134751737299,0.09414181196376623,False,0.5995607613469985,0.03806734992679356,100,new_test
R128_r3,128,3,subsets/R128_r3.json,R128_r3,0.65,0.15889528018511545,1366,886,63,0.07110609480812641,0.9975133378464067,0.10169862204524967,False,0.6486090775988287,0.046120058565153735,100,new_test
R128_r3,128,3,subsets/R128_r3.json,R128_r3,0.7,0.1593370091994254,1366,935,76,0.08128342245989305,0.9999815515608178,0.11251041517702316,False,0.6844802342606149,0.055636896046852125,100,new_test
R128_r3,128,3,subsets/R128_r3.json,R128_r3,0.75,0.1598834624033214,1366,1024,89,0.0869140625,0.9999997266552363,0.11736664232869967,False,0.7496339677891655,0.06515373352855051,100,new_test
R128_r3,128,3,subsets/R128_r3.json,R128_r3,0.8,0.16042396819917049,1366,1108,103,0.09296028880866426,0.9999999988025271,0.12287369809647211,False,0.8111273792093704,0.07540263543191801,100,new_test
R128_r3,128,3,subsets/R128_r3.json,R128_r3,0.85,0.16097952184458575,1366,1168,110,0.09417808219178082,0.9999999998307533,0.12338263287134257,False,0.8550512445095169,0.08052708638360176,100,new_test
R128_r3,128,3,subsets/R128_r3.json,R128_r3,0.9,0.161646751976825,1366,1234,118,0.09562398703403566,0.9999999999843834,0.12412882449546432,False,0.9033674963396779,0.08638360175695461,100,new_test
R128_r3,128,3,subsets/R128_r3.json,R128_r3,0.95,0.1624943968513387,1366,1288,127,0.0986024844720497,0.999999999999645,0.12677881944985864,False,0.9428989751098097,0.09297218155197658,100,new_test
R128_r3,128,3,subsets/R128_r3.json,R128_r3,1.0,Infinity,1366,1366,143,0.10468521229868229,0.9999999999999999,0.1326098138082249,False,1.0,0.10468521229868229,100,new_test
R512_r3,512,3,subsets/R512_r3.json,R512_r3,0.05,0.15034139455729512,1366,72,0,0.0,0.024894280619189493,0.0914824243483132,False,0.0527086383601757,0.0,100,new_test
R512_r3,512,3,subsets/R512_r3.json,R512_r3,0.1,0.154902209741009,1366,126,0,0.0,0.0015601784194296114,0.05334773969181025,False,0.09224011713030747,0.0,100,new_test
R512_r3,512,3,subsets/R512_r3.json,R512_r3,0.15,0.1585294530378002,1366,196,0,0.0,4.3035478547683404e-05,0.03462982424663757,True,0.14348462664714495,0.0,100,new_test
R512_r3,512,3,subsets/R512_r3.json,R512_r3,0.2,0.16135752398830117,1366,254,2,0.007874015748031496,0.00022709464936884185,0.0434132263138356,True,0.18594436310395315,0.0014641288433382138,100,new_test
R512_r3,512,3,subsets/R512_r3.json,R512_r3,0.25,0.16362099458607215,1366,314,4,0.012738853503184714,0.00039954595287352445,0.04631212220642809,True,0.22986822840409957,0.0029282576866764276,100,new_test
R512_r3,512,3,subsets/R512_r3.json,R512_r3,0.3,0.16642904990119112,1366,386,5,0.012953367875647668,9.246726906045766e-05,0.04200066270990393,True,0.28257686676427524,0.0036603221083455345,100,new_test
R512_r3,512,3,subsets/R512_r3.json,R512_r3,0.35,0.16876444410963531,1366,448,7,0.015625,0.00011233274657764715,0.04319459417926613,True,0.3279648609077599,0.005124450951683748,100,new_test
R512_r3,512,3,subsets/R512_r3.json,R512_r3,0.4,0.1709444465192944,1366,525,11,0.02095238095238095,0.000529605353947556,0.04806714929557068,True,0.38433382137628114,0.008052708638360176,100,new_test
R512_r3,512,3,subsets/R512_r3.json,R512_r3,0.45,0.17303653870639124,1366,588,14,0.023809523809523808,0.0010295721026820047,0.050085829200253514,False,0.43045387994143486,0.010248901903367497,100,new_test
R512_r3,512,3,subsets/R512_r3.json,R512_r3,0.5,0.174854878608676,1366,643,16,0.024883359253499222,0.0010298414124563621,0.05008242603427183,False,0.4707174231332357,0.01171303074670571,100,new_test
R512_r3,512,3,subsets/R512_r3.json,R512_r3,0.55,0.17729884879859958,1366,714,25,0.0350140056022409,0.03480630795528362,0.06165643603003692,False,0.5226939970717424,0.018301610541727673,100,new_test
R512_r3,512,3,subsets/R512_r3.json,R512_r3,0.6,0.18010783543173237,1366,787,32,0.04066073697585769,0.12962361463248684,0.06720639159592603,False,0.5761346998535871,0.02342606149341142,100,new_test
R512_r3,512,3,subsets/R512_r3.json,R512_r3,0.65,0.1822511638990323,1366,854,39,0.04566744730679157,0.3139782731641474,0.07208660441613288,False,0.6251830161054173,0.02855051244509517,100,new_test
R512_r3,512,3,subsets/R512_r3.json,R512_r3,0.7,0.18452923954275613,1366,918,46,0.05010893246187364,0.5451418125453948,0.07634687409766269,False,0.6720351390922401,0.03367496339677892,100,new_test
R512_r3,512,3,subsets/R512_r3.json,R512_r3,0.75,0.18693495220446843,1366,998,58,0.05811623246492986,0.8922384154146954,0.08458744930773686,False,0.7306002928257687,0.0424597364568082,100,new_test
R512_r3,512,3,subsets/R512_r3.json,R512_r3,0.8,0.18973530873730504,1366,1077,72,0.06685236768802229,0.9938307110363848,0.09361688790135744,False,0.7884333821376281,0.0527086383601757,100,new_test
R512_r3,512,3,subsets/R512_r3.json,R512_r3,0.85,0.1926904742886204,1366,1135,80,0.07048458149779736,0.9989325621604419,0.09701315967845728,False,0.8308931185944363,0.05856515373352855,100,new_test
R512_r3,512,3,subsets/R512_r3.json,R512_r3,0.9,0.19610540480874572,1366,1219,101,0.08285479901558655,0.9999995287290444,0.11000628315919701,False,0.8923865300146413,0.0739385065885798,100,new_test
R512_r3,512,3,subsets/R512_r3.json,R512_r3,0.95,0.20200729228673153,1366,1286,115,0.08942457231726283,0.9999999985706142,0.11658126821417733,False,0.9414348462664714,0.0841874084919473,100,new_test
R512_r3,512,3,subsets/R512_r3.json,R512_r3,1.0,Infinity,1366,1366,143,0.10468521229868229,0.9999999999999999,0.1326098138082249,False,1.0,0.10468521229868229,100,new_test
R32_r4,32,4,subsets/R32_r4.json,R32_r4,0.05,0.185338848459772,1366,71,0,0.0,0.02620450591493631,0.09270925900953109,False,0.05197657393850659,0.0,100,new_test
R32_r4,32,4,subsets/R32_r4.json,R32_r4,0.1,0.1858440861241436,1366,115,1,0.008695652173913044,0.019344869557991074,0.07747822689527309,False,0.0841874084919473,0.0007320644216691069,100,new_test
R32_r4,32,4,subsets/R32_r4.json,R32_r4,0.15,0.18626928687754396,1366,187,6,0.03208556149732621,0.1698393316322852,0.09351424709730606,False,0.13689604685212298,0.004392386530014641,100,new_test
R32_r4,32,4,subsets/R32_r4.json,R32_r4,0.2,0.18657330839402442,1366,259,9,0.03474903474903475,0.16238333548035677,0.0851950085769736,False,0.18960468521229867,0.006588579795021962,100,new_test
R32_r4,32,4,subsets/R32_r4.json,R32_r4,0.25,0.18682667270224473,1366,338,15,0.04437869822485207,0.3760763211265851,0.09022728807103488,False,0.24743777452415813,0.010980966325036604,100,new_test
R32_r4,32,4,subsets/R32_r4.json,R32_r4,0.3,0.18702724215475341,1366,406,23,0.05665024630541872,0.7718794922692634,0.10107432916816224,False,0.2972181551976574,0.01683748169838946,100,new_test
R32_r4,32,4,subsets/R32_r4.json,R32_r4,0.35,0.18717192900242818,1366,463,29,0.06263498920086392,0.9085654372162735,0.10514966369616956,False,0.3389458272327965,0.0212298682284041,100,new_test
R32_r4,32,4,subsets/R32_r4.json,R32_r4,0.4,0.18733413624719175,1366,546,36,0.06593406593406594,0.9599327529523245,0.1052233182032744,False,0.39970717423133234,0.02635431918008785,100,new_test
R32_r4,32,4,subsets/R32_r4.json,R32_r4,0.45,0.18747933222476854,1366,625,42,0.0672,0.9766119980352416,0.10377071379841879,False,0.4575402635431918,0.03074670571010249,100,new_test
R32_r4,32,4,subsets/R32_r4.json,R32_r4,0.5,0.1875826986908501,1366,678,47,0.06932153392330384,0.9890083536243417,0.10461551526666055,False,0.49633967789165445,0.034407027818448024,100,new_test
R32_r4,32,4,subsets/R32_r4.json,R32_r4,0.55,0.18770760978954704,1366,752,54,0.07180851063829788,0.9963308076279949,0.10550888457616601,False,0.5505124450951684,0.03953147877013177,100,new_test
R32_r4,32,4,subsets/R32_r4.json,R32_r4,0.6,0.18784036425766015,1366,807,60,0.07434944237918216,0.998904562214314,0.10714925813355623,False,0.5907759882869692,0.043923865300146414,100,new_test
R32_r4,32,4,subsets/R32_r4.json,R32_r4,0.65,0.1879906282639916,1366,881,72,0.08172531214528944,0.9999756276971608,0.11407520431627557,False,0.6449487554904831,0.0527086383601757,100,new_test
R32_r4,32,4,subsets/R32_r4.json,R32_r4,0.7,0.1881342957087544,1366,958,89,0.09290187891440502,0.9999999860281771,0.12530669953816626,False,0.7013177159590044,0.06515373352855051,100,new_test
R32_r4,32,4,subsets/R32_r4.json,R32_r4,0.75,0.18826632759113582,1366,1035,97,0.09371980676328502,0.9999999977577267,0.1248732759022451,False,0.7576866764275256,0.07101024890190337,100,new_test
R32_r4,32,4,subsets/R32_r4.json,R32_r4,0.8,0.1884199886764545,1366,1113,107,0.09613656783468104,0.9999999999100074,0.12636066754124384,False,0.8147877013177159,0.07833089311859444,100,new_test
R32_r4,32,4,subsets/R32_r4.json,R32_r4,0.85,0.18856340502439684,1366,1171,112,0.09564474807856532,0.999999999952664,0.12498123991325023,False,0.8572474377745242,0.08199121522693997,100,new_test
R32_r4,32,4,subsets/R32_r4.json,R32_r4,0.9,0.1887769563238343,1366,1245,122,0.09799196787148594,0.9999999999985182,0.12662650192736172,False,0.9114202049780381,0.08931185944363104,100,new_test
R32_r4,32,4,subsets/R32_r4.json,R32_r4,0.95,0.18904970024909762,1366,1300,132,0.10153846153846154,0.999999999999985,0.1298903387907216,False,0.9516837481698389,0.09663250366032211,100,new_test
R32_r4,32,4,subsets/R32_r4.json,R32_r4,1.0,Infinity,1366,1366,143,0.10468521229868229,0.9999999999999999,0.1326098138082249,False,1.0,0.10468521229868229,100,new_test
R128_r4,128,4,subsets/R128_r4.json,R128_r4,0.05,0.15887431841438548,1366,83,0,0.0,0.01415986911335107,0.07985679847161589,False,0.06076134699853587,0.0,100,new_test
R128_r4,128,4,subsets/R128_r4.json,R128_r4,0.1,0.15995649563659342,1366,121,0,0.0,0.002016305059763263,0.055489888660238795,False,0.08857979502196194,0.0,100,new_test
R128_r4,128,4,subsets/R128_r4.json,R128_r4,0.15,0.16079450538374407,1366,184,1,0.005434782608695652,0.0008509142762432504,0.049074056096355984,True,0.13469985358711567,0.0007320644216691069,100,new_test
R128_r4,128,4,subsets/R128_r4.json,R128_r4,0.2,0.16150184680405122,1366,243,2,0.00823045267489712,0.0003678302036808905,0.04534122310405563,True,0.17789165446559296,0.0014641288433382138,100,new_test
R128_r4,128,4,subsets/R128_r4.json,R128_r4,0.25,0.16211365355949603,1366,318,4,0.012578616352201259,0.00034124149498908406,0.04573947027474705,True,0.232796486090776,0.0029282576866764276,100,new_test
R128_r4,128,4,subsets/R128_r4.json,R128_r4,0.3,0.16268422405032867,1366,377,6,0.015915119363395226,0.0004567680921140569,0.04714772350683253,True,0.2759882869692533,0.004392386530014641,100,new_test
R128_r4,128,4,subsets/R128_r4.json,R128_r4,0.35,0.16317152312332106,1366,439,9,0.02050113895216401,0.0012612108894545088,0.05081289530933326,False,0.3213762811127379,0.006588579795021962,100,new_test
R128_r4,128,4,subsets/R128_r4.json,R128_r4,0.4,0.16370986383326336,1366,518,14,0.02702702702702703,0.0068655018336634815,0.05674993938514081,False,0.37920937042459735,0.010248901903367497,100,new_test
R128_r4,128,4,subsets/R128_r4.json,R128_r4,0.45,0.16417195476223778,1366,579,18,0.031088082901554404,0.01799836360088021,0.06014343222084989,False,0.4238653001464129,0.013177159590043924,100,new_test
R128_r4,128,4,subsets/R128_r4.json,R128_r4,0.5,0.16467488312029266,1366,647,25,0.03863987635239567,0.1051431634413276,0.06794314954999939,False,0.47364568081991215,0.018301610541727673,100,new_test
R128_r4,128,4,subsets/R128_r4.json,R128_r4,0.55,0.1651234980532481,1366,723,35,0.048409405255878286,0.46594678091192543,0.07818262524572717,False,0.5292825768667643,0.02562225475841874,100,new_test
R128_r4,128,4,subsets/R128_r4.json,R128_r4,0.6,0.16554987420878153,1366,794,36,0.04534005037783375,0.30746587714718887,0.07283881868638135,False,0.5812591508052709,0.02635431918008785,100,new_test
R128_r4,128,4,subsets/R128_r4.json,R128_r4,0.65,0.165926889535831,1366,856,45,0.052570093457943924,0.6709860195027849,0.08039343432989515,False,0.6266471449487555,0.03294289897510981,100,new_test
R128_r4,128,4,subsets/R128_r4.json,R128_r4,0.7,0.1663853736495795,1366,922,55,0.0596529284164859,0.9192663358406896,0.087625913066604,False,0.6749633967789166,0.04026354319180088,100,new_test
R128_r4,128,4,subsets/R128_r4.json,R128_r4,0.75,0.16688613425996945,1366,986,60,0.060851926977687626,0.9456417174565415,0.08798202201495309,False,0.7218155197657394,0.043923865300146414,100,new_test
R128_r4,128,4,subsets/R128_r4.json,R128_r4,0.8,0.16743800200258974,1366,1065,72,0.0676056338028169,0.9952242095276387,0.09465629009557311,False,0.7796486090775988,0.0527086383601757,100,new_test
R128_r4,128,4,subsets/R128_r4.json,R128_r4,0.85,0.16789787413549073,1366,1131,83,0.07338638373121131,0.9997334613123928,0.10038705601191351,False,0.8279648609077599,0.06076134699853587,100,new_test
R128_r4,128,4,subsets/R128_r4.json,R128_r4,0.9,0.16862490392897167,1366,1215,98,0.08065843621399177,0.9999978440049307,0.10757689237291579,False,0.8894582723279648,0.07174231332357248,100,new_test
R128_r4,128,4,subsets/R128_r4.json,R128_r4,0.95,0.1694916948885561,1366,1278,115,0.08998435054773082,0.9999999989981174,0.11729998875283217,False,0.9355783308931186,0.0841874084919473,100,new_test
R128_r4,128,4,subsets/R128_r4.json,R128_r4,1.0,Infinity,1366,1366,143,0.10468521229868229,0.9999999999999999,0.1326098138082249,False,1.0,0.10468521229868229,100,new_test
R512_r4,512,4,subsets/R512_r4.json,R512_r4,0.05,0.15239291316979608,1366,70,0,0.0,0.027583690436775065,0.0939694177546623,False,0.05124450951683748,0.0,100,new_test
R512_r4,512,4,subsets/R512_r4.json,R512_r4,0.1,0.15671255326465627,1366,127,0,0.0,0.00148216949845813,0.05293899992277619,False,0.09297218155197658,0.0,100,new_test
R512_r4,512,4,subsets/R512_r4.json,R512_r4,0.15,0.15970140827953727,1366,177,1,0.005649717514124294,0.001176469321120666,0.05096994752628223,False,0.1295754026354319,0.0007320644216691069,100,new_test
R512_r4,512,4,subsets/R512_r4.json,R512_r4,0.2,0.16212735777933773,1366,240,2,0.008333333333333333,0.0004192859116961884,0.04589712020849467,True,0.17569546120058566,0.0014641288433382138,100,new_test
R512_r4,512,4,subsets/R512_r4.json,R512_r4,0.25,0.16460752013051605,1366,306,4,0.013071895424836602,0.0005468127522509081,0.04750154079915011,True,0.2240117130307467,0.0029282576866764276,100,new_test
R512_r4,512,4,subsets/R512_r4.json,R512_r4,0.3,0.16705417513300636,1366,377,5,0.013262599469496022,0.00013120967481040517,0.04298808315383139,True,0.2759882869692533,0.0036603221083455345,100,new_test
R512_r4,512,4,subsets/R512_r4.json,R512_r4,0.35,0.16919162579970703,1366,445,9,0.020224719101123594,0.0010409944458405966,0.05013834064669313,False,0.3257686676427526,0.006588579795021962,100,new_test
R512_r4,512,4,subsets/R512_r4.json,R512_r4,0.4,0.17133298368041328,1366,522,12,0.022988505747126436,0.001381537466381473,0.05103177941458432,False,0.3821376281112738,0.008784773060029283,100,new_test
R512_r4,512,4,subsets/R512_r4.json,R512_r4,0.45,0.17327250749369172,1366,574,13,0.02264808362369338,0.0006852543038469408,0.04889329973656202,True,0.42020497803806733,0.00951683748169839,100,new_test
R512_r4,512,4,subsets/R512_r4.json,R512_r4,0.5,0.17568353065583098,1366,658,22,0.03343465045592705,0.026225318557060305,0.06097660468751283,False,0.4816983894582723,0.016105417276720352,100,new_test
R512_r4,512,4,subsets/R512_r4.json,R512_r4,0.55,0.1777753994502005,1366,715,26,0.03636363636363636,0.05122124698103066,0.06335077524419909,False,0.5234260614934114,0.01903367496339678,100,new_test
R512_r4,512,4,subsets/R512_r4.json,R512_r4,0.6,0.17998021589833568,1366,784,31,0.039540816326530615,0.10046442127309221,0.06587317035349133,False,0.5739385065885798,0.022693997071742314,100,new_test
R512_r4,512,4,subsets/R512_r4.json,R512_r4,0.65,0.1822307679124857,1366,854,37,0.04332552693208431,0.20930986708566893,0.06922657987436702,False,0.6251830161054173,0.027086383601756955,100,new_test
R512_r4,512,4,subsets/R512_r4.json,R512_r4,0.7,0.18415458431238108,1366,904,40,0.04424778761061947,0.2400494122337654,0.06949915672213897,False,0.6617862371888726,0.029282576866764276,100,new_test
R512_r4,512,4,subsets/R512_r4.json,R512_r4,0.75,0.18656565436794337,1366,982,56,0.05702647657841141,0.8600767687529134,0.08354885733278658,False,0.718887262079063,0.040995607613469986,100,new_test
R512_r4,512,4,subsets/R512_r4.json,R512_r4,0.8,0.18927829914306904,1366,1059,65,0.061378659112370164,0.958138907977584,0.08751908225111042,False,0.7752562225475842,0.04758418740849195,100,new_test
R512_r4,512,4,subsets/R512_r4.json,R512_r4,0.85,0.19214376273127798,1366,1136,81,0.07130281690140845,0.9992763435019566,0.09793756708002127,False,0.8316251830161054,0.05929721815519766,100,new_test
R512_r4,512,4,subsets/R512_r4.json,R512_r4,0.9,0.19576521209233755,1366,1224,100,0.08169934640522876,0.9999990081588236,0.10864226701771279,False,0.8960468521229868,0.07320644216691069,100,new_test
R512_r4,512,4,subsets/R512_r4.json,R512_r4,0.95,0.20122938103427634,1366,1288,116,0.09006211180124224,0.9999999991850976,0.11727050346050638,False,0.9428989751098097,0.0849194729136164,100,new_test
R512_r4,512,4,subsets/R512_r4.json,R512_r4,1.0,Infinity,1366,1366,143,0.10468521229868229,0.9999999999999999,0.1326098138082249,False,1.0,0.10468521229868229,100,new_test
